field_row,project,sample,is_check,sample_group,founder_group,donor_id,pedigree
PV23-7172,lanteo,PN1_SID1,FALSE,NA,NA,NA,NA
PV23-7173,lanteo,PN1_SID2,FALSE,NA,NA,NA,NA
PV23-7174,lanteo,PN1_SID3,FALSE,NA,NA,NA,NA
PV23-7175,lanteo,PN1_SID4,FALSE,NA,NA,NA,NA
PV23-7176,lanteo,PN1_SID5,FALSE,NA,NA,NA,NA
PV23-7177,lanteo,PN1_SID6,FALSE,NA,NA,NA,NA
PV23-7178,lanteo,PN1_SID7,FALSE,NA,NA,NA,NA
PV23-7179,lanteo,PN1_SID8,FALSE,NA,NA,NA,NA
PV23-7180,lanteo,PN1_SID9,FALSE,NA,NA,NA,NA
PV23-7181,lanteo,PN1_SID10,FALSE,NA,NA,NA,NA
PV23-7182,lanteo,PN1_SID11,FALSE,NA,NA,NA,NA
PV23-7183,lanteo,PN1_SID12,FALSE,NA,NA,NA,NA
PV23-7184,lanteo,PN1_SID13,FALSE,NA,NA,NA,NA
PV23-7185,lanteo,PN1_SID14,FALSE,NA,NA,NA,NA
PV23-7186,lanteo,PN1_SID15,FALSE,NA,NA,NA,NA
PV23-7187,lanteo,PN1_SID16,FALSE,NA,NA,NA,NA
PV23-7188,lanteo,PN1_SID17,FALSE,NA,NA,NA,NA
PV23-7189,lanteo,PN1_SID18,FALSE,NA,NA,NA,NA
PV23-7190,lanteo,PN1_SID19,FALSE,NA,NA,NA,NA
PV23-7191,lanteo,PN1_SID20,FALSE,NA,NA,NA,NA
PV23-7192,lanteo,PN1_SID21,FALSE,NA,NA,NA,NA
PV23-7193,lanteo,PN1_SID22,FALSE,NA,NA,NA,NA
PV23-7194,lanteo,PN1_SID23,FALSE,NA,NA,NA,NA
PV23-7195,lanteo,PN1_SID24,FALSE,NA,NA,NA,NA
PV23-7196,lanteo,PN1_SID25,FALSE,NA,NA,NA,NA
PV23-7197,lanteo,PN1_SID26,FALSE,NA,NA,NA,NA
PV23-7198,lanteo,PN1_SID27,FALSE,NA,NA,NA,NA
PV23-7199,lanteo,PN1_SID28,FALSE,NA,NA,NA,NA
PV23-7200,lanteo,PN1_SID29,FALSE,NA,NA,NA,NA
PV23-7201,lanteo,PN1_SID30,FALSE,NA,NA,NA,NA
PV23-7202,lanteo,PN1_SID31,FALSE,NA,NA,NA,NA
PV23-7203,lanteo,PN1_SID32,FALSE,NA,NA,NA,NA
PV23-7204,lanteo,PN1_SID33,FALSE,NA,NA,NA,NA
PV23-7205,lanteo,PN1_SID34,FALSE,NA,NA,NA,NA
PV23-7206,lanteo,PN1_SID35,FALSE,NA,NA,NA,NA
PV23-7207,lanteo,PN1_SID36,FALSE,NA,NA,NA,NA
PV23-7208,lanteo,PN1_SID37,FALSE,Chal,Chal,Zx.0120,Zx.0120_P1_P2_P2.1.1.1.1.B
PV23-7209,lanteo,PN1_SID38,FALSE,NA,NA,NA,NA
PV23-7210,lanteo,PN1_SID39,FALSE,NA,NA,NA,NA
PV23-7211,lanteo,PN1_SID40,FALSE,NA,NA,NA,NA
PV23-7212,lanteo,PN1_SID41,FALSE,Dura,Dura,Zx.0530,Zx.0530_P1_P2_P1.1.1.1.1.B
PV23-7213,lanteo,PN1_SID42,FALSE,Dura,Dura,Zx.0530,Zx.0530_P1_P2_P2.1.1.1.1.B
PV23-7214,lanteo,PN1_SID43,FALSE,Mesa,Mesa,Zx.0420,Zx.0420_P1_P1_P2.1.1.1.1.B
PV23-7215,lanteo,PN1_SID44,FALSE,Mesa,Mesa,Zx.0420,Zx.0420_P1_P2_P1.1.1.1.1.B
PV23-7216,lanteo,PN1_SID45,FALSE,NA,NA,NA,NA
PV23-7217,lanteo,PN1_SID46,FALSE,Bals,Bals,Zv.0090,Zv.0090_P1_P2_P2.1.1.1.1.B
PV23-7218,lanteo,PN1_SID47,FALSE,Bals,Bals,Zv.0320,Zv.0320_P1_P1_P1.1.1.1.1.B
PV23-7219,lanteo,PN1_SID48,FALSE,Bals,Bals,Zv.0320,Zv.0320_P1_P2_P1.1.1.1.1.B
PV23-7220,lanteo,PN1_SID49,FALSE,Bals,Bals,Zv.0320,Zv.0320_P1_P2_P2.1.1.1.1.B
PV23-7221,lanteo,PN1_SID50,FALSE,Chal,Chal,Zx.0330,Zx.0330_P1_P1_P2.1.1.1.1.B
PV23-7222,lanteo,PN1_SID51,FALSE,Chal,Chal,Zx.0180,Zx.0180_P1_P1_P1.1.1.1.1.B
PV23-7223,lanteo,PN1_SID52,FALSE,Chal,Chal,Zx.0180,Zx.0180_P1_P1_P2.1.1.1.1.B
PV23-7224,lanteo,PN1_SID53,FALSE,Chal,Chal,Zx.0060,Zx.0060_P2_P1_P1.1.1.1.1.B
PV23-7225,lanteo,PN1_SID54,FALSE,Chal,Chal,Zx.0060,Zx.0060_P2_P1_P2.1.1.1.1.B
PV23-7226,lanteo,PN1_SID55,FALSE,Chal,Chal,Zx.0110,Zx.0110_P1_P2_P2.1.1.1.1.B
PV23-7227,lanteo,PN1_SID56,FALSE,Chal,Chal,Zx.0070,Zx.0070_P2_P1_P1.1.1.1.1.B
PV23-7228,lanteo,PN1_SID57,FALSE,Chal,Chal,Zx.0070,Zx.0070_P2_P1_P2.1.1.1.1.B
PV23-7229,lanteo,PN1_SID58,FALSE,NA,NA,NA,NA
PV23-7230,lanteo,PN1_SID59,FALSE,Mesa,Mesa,Zv.0510,Zv.0510_P1_P2_P1.1.1.1.1.B
PV23-7231,lanteo,PN1_SID60,FALSE,NA,NA,NA,NA
PV23-7232,lanteo,PN1_SID61,FALSE,NA,NA,NA,NA
PV23-7233,lanteo,PN1_SID62,FALSE,NA,NA,NA,NA
PV23-7234,lanteo,PN1_SID63,FALSE,Bals,Bals,Zv.0500,Zv.0500_P1_P1_P1.1.1.1.1.B
PV23-7235,lanteo,PN1_SID64,FALSE,NA,NA,NA,NA
PV23-7236,lanteo,PN1_SID65,FALSE,NA,NA,NA,NA
PV23-7237,lanteo,PN1_SID66,FALSE,Bals,Bals,Zv.0450,Zv.0450_P1_P1_P2.1.1.1.1.B
PV23-7238,lanteo,PN1_SID67,FALSE,NA,NA,NA,NA
PV23-7239,lanteo,PN1_SID68,FALSE,NA,NA,NA,NA
PV23-7240,lanteo,PN1_SID69,FALSE,NA,NA,NA,NA
PV23-7241,lanteo,PN1_SID70,FALSE,NA,NA,NA,NA
PV23-7242,lanteo,PN1_SID71,FALSE,NA,NA,NA,NA
PV23-7243,lanteo,PN1_SID72,FALSE,NA,NA,NA,NA
PV23-7244,lanteo,PN1_SID73,FALSE,NA,NA,NA,NA
PV23-7245,lanteo,PN1_SID74,FALSE,NA,NA,NA,NA
PV23-7246,lanteo,PN1_SID75,TRUE,Purple,NA,NA,NA
PV23-7247,lanteo,PN1_SID76,FALSE,NA,NA,NA,NA
PV23-7248,lanteo,PN1_SID77,FALSE,NA,NA,NA,NA
PV23-7249,lanteo,PN1_SID78,FALSE,NA,NA,NA,NA
PV23-7250,lanteo,PN1_SID79,FALSE,Chal,Chal,Zx.0250,Zx.0250_P1_P1_P1.1.1.1.1.B
PV23-7251,lanteo,PN1_SID80,FALSE,Chal,Chal,Zx.0250,Zx.0250_P1_P1_P2.1.1.1.1.B
PV23-7252,lanteo,PN1_SID81,FALSE,NA,NA,NA,NA
PV23-7253,lanteo,PN1_SID82,FALSE,NA,NA,NA,NA
PV23-7254,lanteo,PN1_SID83,FALSE,NA,NA,NA,NA
PV23-7255,lanteo,PN1_SID84,FALSE,NA,NA,NA,NA
PV23-7256,lanteo,PN1_SID85,TRUE,B73,B73,NA,NA
PV23-7257,lanteo,PN1_SID86,FALSE,NA,NA,NA,NA
PV23-7258,lanteo,PN1_SID87,FALSE,Chal,Chal,Zx.0290,Zx.0290_P1_P1_P1.1.1.1.1.B
PV23-7259,lanteo,PN1_SID88,FALSE,Chal,Chal,Zx.0290,Zx.0290_P1_P1_P2.1.1.1.1.B
PV23-7260,lanteo,PN1_SID89,FALSE,NA,NA,NA,NA
PV23-7261,lanteo,PN1_SID90,FALSE,NA,NA,NA,NA
PV23-7262,lanteo,PN1_SID91,FALSE,NA,NA,NA,NA
PV23-7263,lanteo,PN1_SID92,FALSE,Chal,Chal,Zx.0050,Zx.0050_P1_P1_P1.1.1.1.1.B
PV23-7264,lanteo,PN1_SID93,FALSE,NA,NA,NA,NA
PV23-7265,lanteo,PN1_SID94,FALSE,NA,NA,NA,NA
PV23-7266,lanteo,PN1_SID95,FALSE,Bals,Bals,Zv.0380,Zv.0380_P1_P2_P1.1.1.1.1.B
PV23-7267,lanteo,PN1_SID96,FALSE,NA,NA,NA,NA
PV23-7268,lanteo,PN2_SID97,FALSE,Chal,Chal,Zx.0330,Zx.0330_P1_P2_P1.1.1.1.1.B
PV23-7269,lanteo,PN2_SID98,FALSE,NA,NA,NA,NA
PV23-7270,lanteo,PN2_SID99,FALSE,NA,NA,NA,NA
PV23-7271,lanteo,PN2_SID100,FALSE,NA,NA,NA,NA
PV23-7272,lanteo,PN2_SID101,FALSE,NA,NA,NA,NA
PV23-7273,lanteo,PN2_SID102,FALSE,NA,NA,NA,NA
PV23-7274,lanteo,PN2_SID103,FALSE,NA,NA,NA,NA
PV23-7275,lanteo,PN2_SID104,FALSE,NA,NA,NA,NA
PV23-7276,lanteo,PN2_SID105,FALSE,NA,NA,NA,NA
PV23-7277,lanteo,PN2_SID106,FALSE,NA,NA,NA,NA
PV23-7278,lanteo,PN2_SID107,FALSE,NA,NA,NA,NA
PV23-7279,lanteo,PN2_SID108,FALSE,NA,NA,NA,NA
PV23-7280,lanteo,PN2_SID109,FALSE,NA,NA,NA,NA
PV23-7281,lanteo,PN2_SID110,FALSE,NA,NA,NA,NA
PV23-7282,lanteo,PN2_SID111,FALSE,NA,NA,NA,NA
PV23-7283,lanteo,PN2_SID112,FALSE,Chal,Chal,Zx.0320,Zx.0320_P1_P2_P2.1.1.1.1.B
PV23-7284,lanteo,PN2_SID113,FALSE,NA,NA,NA,NA
PV23-7285,lanteo,PN2_SID114,FALSE,Chal,Chal,Zx.0330,Zx.0330_P1_P1_P1.1.1.1.1.B
PV23-7286,lanteo,PN2_SID115,FALSE,NA,NA,NA,NA
PV23-7287,lanteo,PN2_SID116,FALSE,NA,NA,NA,NA
PV23-7288,NA,PN2_SID117,FALSE,NA,NA,NA,NA
PV23-7289,landb,PN2_SID118,TRUE,Purple,NA,NA,NA
PV23-7290,landb,PN2_SID119,FALSE,NA,NA,NA,NA
PV23-7291,landb,PN2_SID120,FALSE,Maiz,Maiz,Zm.0950,Zm.0950_P1_P1_1.1.1.1.B
PV23-7292,landb,PN2_SID121,FALSE,Maiz,Maiz,Zm.0060,Zm.0060_P1_P2_1.1.1.1.B
PV23-7293,landb,PN2_SID122,FALSE,Maiz,Maiz,Zm.0210,Zm.0210_P1_P2_1.1.1.1.B
PV23-7294,landb,PN2_SID123,FALSE,NA,NA,NA,NA
PV23-7295,landb,PN2_SID124,FALSE,Maiz,Maiz,Zm.0500,Zm.0500_P1_P1_1.1.1.1.B
PV23-7296,landb,PN2_SID125,FALSE,Maiz,Maiz,Zm.0500,Zm.0500_P1_P2_1.1.1.1.B
PV23-7297,landb,PN2_SID126,FALSE,NA,NA,NA,NA
PV23-7298,landb,PN2_SID127,FALSE,NA,NA,NA,NA
PV23-7299,landb,PN2_SID128,FALSE,NA,NA,NA,NA
PV23-7300,landb,PN2_SID129,FALSE,NA,NA,NA,NA
PV23-7301,landb,PN2_SID130,FALSE,NA,NA,NA,NA
PV23-7302,landb,PN2_SID131,FALSE,NA,NA,NA,NA
PV23-7303,landb,PN2_SID132,FALSE,Maiz,Maiz,Zm.0950,Zm.0950_P1_P2_1.1.1.1.B
PV23-7304,landb,PN2_SID133,FALSE,Maiz,Maiz,Zm.0950,Zm.0950_P1_P3_1.1.1.1.B
PV23-7305,landb,PN2_SID134,FALSE,NA,NA,NA,NA
PV23-7306,landb,PN2_SID135,FALSE,NA,NA,NA,NA
PV23-7307,landb,PN2_SID136,FALSE,NA,NA,NA,NA
PV23-7308,landb,PN2_SID137,FALSE,NA,NA,NA,NA
PV23-7309,landb,PN2_SID138,FALSE,NA,NA,NA,NA
PV23-7310,landb,PN2_SID139,FALSE,Maiz,Maiz,Zm.0960,Zm.0960_P1_P3_1.1.1.1.B
PV23-7311,landb,PN2_SID140,FALSE,NA,NA,NA,NA
PV23-7312,landb,PN2_SID141,FALSE,NA,NA,NA,NA
PV23-7313,landb,PN2_SID142,FALSE,NA,NA,NA,NA
PV23-7314,landb,PN2_SID143,TRUE,Purple,NA,NA,NA
PV23-7315,landb,PN2_SID144,FALSE,Maiz,Maiz,Zm.0330,Zm.0330_P1_P1_1.1.1.1.B
PV23-7316,landb,PN2_SID145,FALSE,Maiz,Maiz,Zm.0330,Zm.0330_P1_P2_1.1.1.1.B
PV23-7317,landb,PN2_SID146,FALSE,NA,NA,NA,NA
PV23-7318,landb,PN2_SID147,FALSE,NA,NA,NA,NA
PV23-7319,landb,PN2_SID148,FALSE,NA,NA,NA,NA
PV23-7320,landb,PN2_SID149,FALSE,NA,NA,NA,NA
PV23-7321,landb,PN2_SID150,FALSE,NA,NA,NA,NA
PV23-7322,landb,PN2_SID151,FALSE,NA,NA,NA,NA
PV23-7323,landb,PN2_SID152,FALSE,NA,NA,NA,NA
PV23-7324,landb,PN2_SID153,FALSE,NA,NA,NA,NA
PV23-7325,landb,PN2_SID154,FALSE,NA,NA,NA,NA
PV23-7326,landb,PN2_SID155,FALSE,NA,NA,NA,NA
PV23-7327,landb,PN2_SID156,FALSE,NA,NA,NA,NA
PV23-7328,landb,PN2_SID157,FALSE,NA,NA,NA,NA
PV23-7329,landb,PN2_SID158,FALSE,NA,NA,NA,NA
PV23-7330,landb,PN2_SID159,FALSE,NA,NA,NA,NA
PV23-7331,landb,PN2_SID160,FALSE,Maiz,Maiz,Zm.0570,Zm.0570_P1_P1_1.1.1.1.B
PV23-7332,landb,PN2_SID161,FALSE,Maiz,Maiz,Zm.0570,Zm.0570_P1_P2_1.1.1.1.B
PV23-7333,landb,PN2_SID162,FALSE,Maiz,Maiz,Zm.0570,Zm.0570_P1_P3_1.1.1.1.B
PV23-7334,landb,PN2_SID163,FALSE,Maiz,Maiz,Zm.0550,Zm.0550_P1_P1_1.1.1.1.B
PV23-7335,landb,PN2_SID164,FALSE,Maiz,Maiz,Zm.0550,Zm.0550_P1_P2_1.1.1.1.B
PV23-7336,landb,PN2_SID165,FALSE,NA,NA,NA,NA
PV23-7337,landb,PN2_SID166,FALSE,NA,NA,NA,NA
PV23-7338,landb,PN2_SID167,FALSE,Maiz,Maiz,Zm.0890,Zm.0890_P1_P3_1.1.1.1.B
PV23-7339,landb,PN2_SID168,FALSE,Maiz,Maiz,Zm.0800,Zm.0800_P1_P1_1.1.1.1.B
PV23-7340,landb,PN2_SID169,FALSE,Maiz,Maiz,Zm.0800,Zm.0800_P1_P2_1.1.1.1.B
PV23-7341,landb,PN2_SID170,FALSE,Maiz,Maiz,Zm.0450,Zm.0450_P1_P1_1.1.1.1.B
PV23-7342,landb,PN2_SID171,FALSE,Maiz,Maiz,Zm.0450,Zm.0450_P1_P2_1.1.1.1.B
PV23-7343,landb,PN2_SID172,FALSE,Maiz,Maiz,Zm.0450,Zm.0450_P1_P3_1.1.1.1.B
PV23-7344,landb,PN2_SID173,FALSE,Maiz,Maiz,Zm.0020,Zm.0020_P1_P2_1.1.1.1.B
PV23-7345,landb,PN2_SID174,FALSE,Maiz,Maiz,Zm.0020,Zm.0020_P1_P3_1.1.1.1.B
PV23-7346,landb,PN2_SID175,FALSE,Maiz,Maiz,Zm.0250,Zm.0250_P1_P3_1.1.1.1.B
PV23-7347,landb,PN2_SID176,FALSE,Maiz,Maiz,Zm.0440,Zm.0440_P1_P3_1.1.1.1.B
PV23-7348,landb,PN2_SID177,FALSE,Maiz,Maiz,Zm.0630,Zm.0630_P1_P3_1.1.1.1.B
PV23-7349,landb,PN2_SID178,FALSE,Maiz,Maiz,Zm.0560,Zm.0560_P1_P1_1.1.1.1.B
PV23-7350,landb,PN2_SID179,FALSE,Maiz,Maiz,Zm.0010,Zm.0010_P1_P2_1.1.1.1.B
PV23-7351,landb,PN2_SID180,FALSE,Maiz,Maiz,Zm.0090,Zm.0090_P1_P1_1.1.1.1.B
PV23-7352,landb,PN2_SID181,FALSE,NA,NA,NA,NA
PV23-7353,landb,PN2_SID182,FALSE,NA,NA,NA,NA
PV23-7354,landb,PN2_SID183,FALSE,NA,NA,NA,NA
PV23-7355,landb,PN2_SID184,FALSE,NA,NA,NA,NA
PV23-7356,landb,PN2_SID185,FALSE,NA,NA,NA,NA
PV23-7357,landb,PN2_SID186,FALSE,NA,NA,NA,NA
PV23-7358,landb,PN2_SID187,FALSE,NA,NA,NA,NA
PV23-7359,landb,PN2_SID188,FALSE,NA,NA,NA,NA
PV23-7360,landb,PN2_SID189,FALSE,NA,NA,NA,NA
PV23-7361,landb,PN2_SID190,FALSE,NA,NA,NA,NA
PV23-7362,landb,PN2_SID191,FALSE,NA,NA,NA,NA
PV23-7363,landb,PN2_SID192,FALSE,NA,NA,NA,NA
PV23-7364,landb,PN3_SID193,FALSE,NA,NA,NA,NA
PV23-7365,landb,PN3_SID194,FALSE,NA,NA,NA,NA
PV23-7366,landb,PN3_SID195,FALSE,NA,NA,NA,NA
PV23-7367,landb,PN3_SID196,FALSE,NA,NA,NA,NA
PV23-7368,landb,PN3_SID197,FALSE,NA,NA,NA,NA
PV23-7369,landb,PN3_SID198,FALSE,NA,NA,NA,NA
PV23-7370,bzea,PN3_SID199,FALSE,Mesa,Mesa,Zx.0410,Zx.0410_P2_P1_P1.1.1.1.B
PV23-7371,bzea,PN3_SID200,FALSE,Mesa,Mesa,Zx.0410,Zx.0410_P2_P2_P1.1.1.1.B
PV23-7372,bzea,PN3_SID201,FALSE,Mesa,Mesa,Zx.0410,Zx.0410_P2_P2_P1.2.1.1.B
PV23-7373,bzea,PN3_SID202,FALSE,Mesa,Mesa,Zx.0410,Zx.0410_P2_P3_P1.1.1.1.B
PV23-7374,bzea,PN3_SID203,TRUE,B73,B73,NA,NA
PV23-7375,bzea,PN3_SID204,FALSE,Mesa,Mesa,Zx.0410,Zx.0410_P2_P4_P1.1.1.1.B
PV23-7376,bzea,PN3_SID205,FALSE,Mesa,Mesa,Zx.0410,Zx.0410_P2_P4_P1.2.1.1.B
PV23-7377,bzea,PN3_SID206,FALSE,Mesa,Mesa,Zx.0410,Zx.0410_P2_P4_P2.1.1.1.B
PV23-7378,bzea,PN3_SID207,FALSE,Mesa,Mesa,Zx.0410,Zx.0410_P2_P4_P2.2.1.1.B
PV23-7379,bzea,PN3_SID208,FALSE,Mesa,Mesa,Zx.0370,Zx.0370_P2_P1_P1.1.1.1.B
PV23-7380,bzea,PN3_SID209,FALSE,Mesa,Mesa,Zx.0370,Zx.0370_P2_P1_P1.2.1.1.B
PV23-7381,bzea,PN3_SID210,FALSE,Mesa,Mesa,Zx.0370,Zx.0370_P2_P2_P1.1.1.1.B
PV23-7382,bzea,PN3_SID211,FALSE,Mesa,Mesa,Zx.0370,Zx.0370_P2_P2_P1.2.1.1.B
PV23-7383,bzea,PN3_SID212,FALSE,Mesa,Mesa,Zx.0370,Zx.0370_P2_P3_P1.1.1.1.B
PV23-7384,bzea,PN3_SID213,FALSE,Mesa,Mesa,Zx.0370,Zx.0370_P2_P4_P1.3.1.1.B
PV23-7385,bzea,PN3_SID214,FALSE,Mesa,Mesa,Zx.0370,Zx.0370_P2_P5_P1.1.1.1.B
PV23-7386,bzea,PN3_SID215,FALSE,Chal,Chal,Zx.0040,Zx.0040_P1_P1_P1.1.1.1.B
PV23-7387,bzea,PN3_SID216,FALSE,Chal,Chal,Zx.0040,Zx.0040_P1_P1_P1.3.1.1.B
PV23-7388,bzea,PN3_SID217,TRUE,Purple,NA,NA,NA
PV23-7389,bzea,PN3_SID218,FALSE,Chal,Chal,Zx.0040,Zx.0040_P1_P4_P1.1.1.1.B
PV23-7390,bzea,PN3_SID219,FALSE,Chal,Chal,Zx.0040,Zx.0040_P1_P4_P1.2.1.1.B
PV23-7391,bzea,PN3_SID220,FALSE,Chal,Chal,Zx.0100,Zx.0100_P4_P1_P1.1.1.1.B
PV23-7392,bzea,PN3_SID221,FALSE,Chal,Chal,Zx.0100,Zx.0100_P4_P1_P1.2.1.1.B
PV23-7393,bzea,PN3_SID222,FALSE,Chal,Chal,Zx.0100,Zx.0100_P4_P2_P1.1.1.1.B
PV23-7394,bzea,PN3_SID223,FALSE,Chal,Chal,Zx.0100,Zx.0100_P4_P2_P1.2.1.1.B
PV23-7395,bzea,PN3_SID224,FALSE,Chal,Chal,Zx.0100,Zx.0100_P4_P3_P1.1.1.1.B
PV23-7396,bzea,PN3_SID225,FALSE,Chal,Chal,Zx.0100,Zx.0100_P4_P3_P1.2.1.1.B
PV23-7397,bzea,PN3_SID226,FALSE,Chal,Chal,Zx.0100,Zx.0100_P4_P4_P1.1.1.1.B
PV23-7398,bzea,PN3_SID227,FALSE,Chal,Chal,Zx.0100,Zx.0100_P4_P4_P1.2.1.1.B
PV23-7399,bzea,PN3_SID228,FALSE,Chal,Chal,Zx.0100,Zx.0100_P4_P5_P1.1.1.1.B
PV23-7400,bzea,PN3_SID229,FALSE,Chal,Chal,Zx.0100,Zx.0100_P4_P5_P1.2.1.1.B
PV23-7401,bzea,PN3_SID230,FALSE,Chal,Chal,Zx.0010,Zx.0010_P4_P1_P1.2.1.1.B
PV23-7402,bzea,PN3_SID231,FALSE,Chal,Chal,Zx.0010,Zx.0010_P4_P3_P1.1.1.1.B
PV23-7403,bzea,PN3_SID232,FALSE,Chal,Chal,Zx.0010,Zx.0010_P4_P3_P1.3.1.1.B
PV23-7404,bzea,PN3_SID233,FALSE,Chal,Chal,Zx.0010,Zx.0010_P4_P4_P1.1.1.1.B
PV23-7405,bzea,PN3_SID234,FALSE,Chal,Chal,Zx.0010,Zx.0010_P4_P4_P1.2.1.1.B
PV23-7406,bzea,PN3_SID235,FALSE,Chal,Chal,Zx.0010,Zx.0010_P4_P4_P2.1.1.1.B
PV23-7407,bzea,PN3_SID236,TRUE,B73,B73,NA,NA
PV23-7408,bzea,PN3_SID237,FALSE,Chal,Chal,Zx.0010,Zx.0010_P4_P4_P2.4.1.1.B
PV23-7409,bzea,PN3_SID238,FALSE,Chal,Chal,Zx.0220,Zx.0220_P2_P1_P1.2.1.1.B
PV23-7410,bzea,PN3_SID239,FALSE,Chal,Chal,Zx.0220,Zx.0220_P2_P1_P2.1.1.1.B
PV23-7411,bzea,PN3_SID240,FALSE,Chal,Chal,Zx.0220,Zx.0220_P2_P1_P2.3.1.1.B
PV23-7412,bzea,PN3_SID241,FALSE,Chal,Chal,Zx.0220,Zx.0220_P2_P2_P1.2.1.1.B
PV23-7413,bzea,PN3_SID242,FALSE,Chal,Chal,Zx.0220,Zx.0220_P2_P2_P2.3.1.1.B
PV23-7414,bzea,PN3_SID243,FALSE,Chal,Chal,Zx.0220,Zx.0220_P2_P3_P1.1.1.1.B
PV23-7415,bzea,PN3_SID244,FALSE,Chal,Chal,Zx.0220,Zx.0220_P2_P3_P1.2.1.1.B
PV23-7416,bzea,PN3_SID245,FALSE,Chal,Chal,Zx.0220,Zx.0220_P2_P3_P2.2.1.1.B
PV23-7417,bzea,PN3_SID246,FALSE,Chal,Chal,Zx.0220,Zx.0220_P2_P4_P1.1.1.1.B
PV23-7418,bzea,PN3_SID247,FALSE,Chal,Chal,Zx.0220,Zx.0220_P2_P5_P1.1.1.1.B
PV23-7419,bzea,PN3_SID248,FALSE,Chal,Chal,Zx.0220,Zx.0220_P2_P5_P1.2.1.1.B
PV23-7420,bzea,PN3_SID249,FALSE,Chal,Chal,Zx.0220,Zx.0220_P2_P5_P1.3.1.1.B
PV23-7421,bzea,PN3_SID250,FALSE,Chal,Chal,Zx.0130,Zx.0130_P1_P1_P1.1.1.1.B
PV23-7422,bzea,PN3_SID251,FALSE,Chal,Chal,Zx.0130,Zx.0130_P1_P2_P1.1.1.1.B
PV23-7423,bzea,PN3_SID252,FALSE,Chal,Chal,Zx.0130,Zx.0130_P1_P2_P1.2.1.1.B
PV23-7424,bzea,PN3_SID253,FALSE,Chal,Chal,Zx.0130,Zx.0130_P1_P3_P1.1.1.1.B
PV23-7425,bzea,PN3_SID254,FALSE,Chal,Chal,Zx.0130,Zx.0130_P1_P3_P1.2.1.1.B
PV23-7426,bzea,PN3_SID255,TRUE,B73,B73,NA,NA
PV23-7427,bzea,PN3_SID256,FALSE,Chal,Chal,Zx.0080,Zx.0080_P1_P1_P1.1.1.1.B
PV23-7428,bzea,PN3_SID257,FALSE,Chal,Chal,Zx.0080,Zx.0080_P1_P2_P1.1.1.1.B
PV23-7429,bzea,PN3_SID258,FALSE,Chal,Chal,Zx.0080,Zx.0080_P1_P2_P1.3.1.1.B
PV23-7430,bzea,PN3_SID259,FALSE,Chal,Chal,Zx.0080,Zx.0080_P1_P3_P1.1.1.1.B
PV23-7431,bzea,PN3_SID260,FALSE,Chal,Chal,Zx.0080,Zx.0080_P1_P4_P1.1.1.1.B
PV23-7432,bzea,PN3_SID261,FALSE,Chal,Chal,Zx.0190,Zx.0190_P2_P2_P1.2.1.1.B
PV23-7433,bzea,PN3_SID262,FALSE,Chal,Chal,Zx.0190,Zx.0190_P2_P4_P1.1.1.1.B
PV23-7434,bzea,PN3_SID263,FALSE,Chal,Chal,Zx.0190,Zx.0190_P2_P5_P1.2.1.1.B
PV23-7435,bzea,PN3_SID264,FALSE,Chal,Chal,Zx.0160,Zx.0160_P2_P1_P1.2.1.1.B
PV23-7436,bzea,PN3_SID265,FALSE,Chal,Chal,Zx.0160,Zx.0160_P2_P1_P2.1.1.1.B
PV23-7437,bzea,PN3_SID266,FALSE,Chal,Chal,Zx.0160,Zx.0160_P2_P1_P2.2.1.1.B
PV23-7438,bzea,PN3_SID267,FALSE,Chal,Chal,Zx.0160,Zx.0160_P2_P2_P1.1.1.1.B
PV23-7439,bzea,PN3_SID268,FALSE,Chal,Chal,Zx.0160,Zx.0160_P2_P2_P1.2.1.1.B
PV23-7440,bzea,PN3_SID269,FALSE,Chal,Chal,Zx.0160,Zx.0160_P2_P3_P1.1.1.1.B
PV23-7441,bzea,PN3_SID270,FALSE,Chal,Chal,Zx.0160,Zx.0160_P2_P3_P1.2.1.1.B
PV23-7442,bzea,PN3_SID271,FALSE,Chal,Chal,Zx.0160,Zx.0160_P2_P3_P2.1.1.1.B
PV23-7443,bzea,PN3_SID272,FALSE,Chal,Chal,Zx.0160,Zx.0160_P2_P3_P2.2.1.1.B
PV23-7444,bzea,PN3_SID273,FALSE,Chal,Chal,Zx.0160,Zx.0160_P2_P4_P1.1.1.1.B
PV23-7445,bzea,PN3_SID274,FALSE,Chal,Chal,Zx.0160,Zx.0160_P2_P4_P1.2.1.1.B
PV23-7446,bzea,PN3_SID275,FALSE,Chal,Chal,Zx.0160,Zx.0160_P2_P5_P1.2.1.1.B
PV23-7447,bzea,PN3_SID276,FALSE,Chal,Chal,Zx.0160,Zx.0160_P2_P5_P2.1.1.1.B
PV23-7448,bzea,PN3_SID277,FALSE,Chal,Chal,Zx.0160,Zx.0160_P2_P5_P2.2.1.1.B
PV23-7449,bzea,PN3_SID278,FALSE,Chal,Chal,Zx.0090,Zx.0090_P2_P1_P1.3.1.1.B
PV23-7450,bzea,PN3_SID279,FALSE,Chal,Chal,Zx.0090,Zx.0090_P2_P1_P2.1.1.1.B
PV23-7451,bzea,PN3_SID280,FALSE,Chal,Chal,Zx.0090,Zx.0090_P2_P1_P2.2.1.1.B
PV23-7452,bzea,PN3_SID281,FALSE,Chal,Chal,Zx.0090,Zx.0090_P2_P2_P1.1.1.1.B
PV23-7453,bzea,PN3_SID282,FALSE,Chal,Chal,Zx.0090,Zx.0090_P2_P2_P1.2.1.1.B
PV23-7454,bzea,PN3_SID283,FALSE,Chal,Chal,Zx.0090,Zx.0090_P2_P2_P2.1.1.1.B
PV23-7455,bzea,PN3_SID284,FALSE,Chal,Chal,Zx.0090,Zx.0090_P2_P2_P2.2.1.1.B
PV23-7456,bzea,PN3_SID285,FALSE,Chal,Chal,Zx.0090,Zx.0090_P2_P3_P1.2.1.1.B
PV23-7457,bzea,PN3_SID286,FALSE,Chal,Chal,Zx.0090,Zx.0090_P2_P4_P1.1.1.1.B
PV23-7458,bzea,PN3_SID287,FALSE,Chal,Chal,Zx.0090,Zx.0090_P2_P4_P1.2.1.1.B
PV23-7459,bzea,PN3_SID288,FALSE,Chal,Chal,Zx.0090,Zx.0090_P2_P5_P1.1.1.1.B
PV23-7460,bzea,PN4_SID289,FALSE,Chal,Chal,Zx.0090,Zx.0090_P2_P5_P1.2.1.1.B
PV23-7461,bzea,PN4_SID290,FALSE,Chal,Chal,Zx.0340,Zx.0340_P2_P1_P1.1.1.1.B
PV23-7462,bzea,PN4_SID291,FALSE,Chal,Chal,Zx.0340,Zx.0340_P2_P1_P1.2.1.1.B
PV23-7463,bzea,PN4_SID292,FALSE,Chal,Chal,Zx.0340,Zx.0340_P2_P1_P2.1.1.1.B
PV23-7464,bzea,PN4_SID293,FALSE,Chal,Chal,Zx.0340,Zx.0340_P2_P1_P2.2.1.1.B
PV23-7465,bzea,PN4_SID294,FALSE,Chal,Chal,Zx.0340,Zx.0340_P2_P2_P1.2.1.1.B
PV23-7466,bzea,PN4_SID295,FALSE,Chal,Chal,Zx.0340,Zx.0340_P2_P2_P2.1.1.1.B
PV23-7467,bzea,PN4_SID296,FALSE,Chal,Chal,Zx.0340,Zx.0340_P2_P2_P2.2.1.1.B
PV23-7468,bzea,PN4_SID297,FALSE,Chal,Chal,Zx.0340,Zx.0340_P2_P4_P1.1.1.1.B
PV23-7469,bzea,PN4_SID298,FALSE,Chal,Chal,Zx.0340,Zx.0340_P2_P4_P2.1.1.1.B
PV23-7470,bzea,PN4_SID299,FALSE,Chal,Chal,Zx.0340,Zx.0340_P2_P4_P2.2.1.1.B
PV23-7471,bzea,PN4_SID300,FALSE,Chal,Chal,Zx.0140,Zx.0140_P2_P1_P1.1.1.1.B
PV23-7472,bzea,PN4_SID301,FALSE,Chal,Chal,Zx.0140,Zx.0140_P2_P1_P1.2.1.1.B
PV23-7473,bzea,PN4_SID302,FALSE,Chal,Chal,Zx.0140,Zx.0140_P2_P2_P1.1.1.1.B
PV23-7474,bzea,PN4_SID303,FALSE,Chal,Chal,Zx.0140,Zx.0140_P2_P2_P1.2.1.1.B
PV23-7475,bzea,PN4_SID304,FALSE,Chal,Chal,Zx.0140,Zx.0140_P2_P3_P1.1.1.1.B
PV23-7476,bzea,PN4_SID305,FALSE,Chal,Chal,Zx.0140,Zx.0140_P2_P3_P1.2.1.1.B
PV23-7477,bzea,PN4_SID306,FALSE,Chal,Chal,Zx.0140,Zx.0140_P2_P4_P1.1.1.1.B
PV23-7478,bzea,PN4_SID307,FALSE,Chal,Chal,Zx.0140,Zx.0140_P2_P4_P1.2.1.1.B
PV23-7479,bzea,PN4_SID308,FALSE,Chal,Chal,Zx.0140,Zx.0140_P2_P5_P1.1.1.1.B
PV23-7480,bzea,PN4_SID309,FALSE,Chal,Chal,Zx.0150,Zx.0150_P2_P1_P1.1.1.1.B
PV23-7481,bzea,PN4_SID310,FALSE,Chal,Chal,Zx.0150,Zx.0150_P2_P1_P1.2.1.1.B
PV23-7482,bzea,PN4_SID311,FALSE,Chal,Chal,Zx.0150,Zx.0150_P2_P2_P1.1.1.1.B
PV23-7483,bzea,PN4_SID312,FALSE,Chal,Chal,Zx.0150,Zx.0150_P2_P2_P1.2.1.1.B
PV23-7484,bzea,PN4_SID313,FALSE,Chal,Chal,Zx.0150,Zx.0150_P2_P3_P1.1.1.1.B
PV23-7485,bzea,PN4_SID314,FALSE,Chal,Chal,Zx.0150,Zx.0150_P2_P3_P1.3.1.1.B
PV23-7486,bzea,PN4_SID315,FALSE,Chal,Chal,Zx.0150,Zx.0150_P2_P4_P1.1.1.1.B
PV23-7487,bzea,PN4_SID316,FALSE,Chal,Chal,Zx.0150,Zx.0150_P2_P4_P1.2.1.1.B
PV23-7488,bzea,PN4_SID317,FALSE,Chal,Chal,Zx.0150,Zx.0150_P2_P5_P1.1.1.1.B
PV23-7489,bzea,PN4_SID318,FALSE,Chal,Chal,Zx.0150,Zx.0150_P2_P5_P1.2.1.1.B
PV23-7490,bzea,PN4_SID319,FALSE,Chal,Chal,Zx.0030,Zx.0030_P2_P1_P1.1.1.1.B
PV23-7491,bzea,PN4_SID320,FALSE,Chal,Chal,Zx.0030,Zx.0030_P2_P1_P2.1.1.1.B
PV23-7492,bzea,PN4_SID321,FALSE,Chal,Chal,Zx.0030,Zx.0030_P2_P1_P2.2.1.1.B
PV23-7493,bzea,PN4_SID322,FALSE,Chal,Chal,Zx.0030,Zx.0030_P2_P2_P1.2.1.1.B
PV23-7494,bzea,PN4_SID323,FALSE,Chal,Chal,Zx.0030,Zx.0030_P2_P2_P2.1.1.1.B
PV23-7495,bzea,PN4_SID324,FALSE,Chal,Chal,Zx.0030,Zx.0030_P2_P2_P2.2.1.1.B
PV23-7496,bzea,PN4_SID325,FALSE,Chal,Chal,Zx.0030,Zx.0030_P2_P3_P1.2.1.1.B
PV23-7497,bzea,PN4_SID326,TRUE,B73,B73,NA,NA
PV23-7498,bzea,PN4_SID327,FALSE,Chal,Chal,Zx.0030,Zx.0030_P2_P3_P2.2.1.1.B
PV23-7499,bzea,PN4_SID328,FALSE,Chal,Chal,Zx.0030,Zx.0030_P2_P4_P1.1.1.1.B
PV23-7500,bzea,PN4_SID329,FALSE,Chal,Chal,Zx.0030,Zx.0030_P2_P4_P1.2.1.1.B
PV23-7501,bzea,PN4_SID330,FALSE,Chal,Chal,Zx.0030,Zx.0030_P2_P4_P2.1.1.1.B
PV23-7502,bzea,PN4_SID331,FALSE,Chal,Chal,Zx.0030,Zx.0030_P2_P4_P2.2.1.1.B
PV23-7503,bzea,PN4_SID332,FALSE,Chal,Chal,Zx.0030,Zx.0030_P2_P5_P1.1.1.1.B
PV23-7504,bzea,PN4_SID333,FALSE,Chal,Chal,Zx.0020,Zx.0020_P3_P1_P1.3.1.1.B
PV23-7505,bzea,PN4_SID334,FALSE,Chal,Chal,Zx.0020,Zx.0020_P3_P1_P2.1.1.1.B
PV23-7506,bzea,PN4_SID335,FALSE,Chal,Chal,Zx.0020,Zx.0020_P3_P1_P2.2.1.1.B
PV23-7507,bzea,PN4_SID336,FALSE,Chal,Chal,Zx.0020,Zx.0020_P3_P3_P1.2.1.1.B
PV23-7508,bzea,PN4_SID337,FALSE,Chal,Chal,Zx.0020,Zx.0020_P3_P3_P2.2.1.1.B
PV23-7509,bzea,PN4_SID338,FALSE,Chal,Chal,Zx.0020,Zx.0020_P3_P4_P1.2.1.1.B
PV23-7510,bzea,PN4_SID339,FALSE,Chal,Chal,Zx.0020,Zx.0020_P3_P4_P2.2.1.1.B
PV23-7511,bzea,PN4_SID340,FALSE,Chal,Chal,Zx.0020,Zx.0020_P3_P5_P1.2.1.1.B
PV23-7512,bzea,PN4_SID341,FALSE,Mesa,Mesa,Zx.0500,Zx.0500_P2_P1_P2.3.1.1.B
PV23-7513,bzea,PN4_SID342,FALSE,Mesa,Mesa,Zx.0500,Zx.0500_P2_P2_P1.1.1.1.B
PV23-7514,bzea,PN4_SID343,FALSE,Mesa,Mesa,Zx.0500,Zx.0500_P2_P2_P1.2.1.1.B
PV23-7515,bzea,PN4_SID344,FALSE,Mesa,Mesa,Zx.0500,Zx.0500_P2_P2_P2.1.1.1.B
PV23-7516,bzea,PN4_SID345,FALSE,Mesa,Mesa,Zx.0500,Zx.0500_P2_P2_P2.2.1.1.B
PV23-7517,bzea,PN4_SID346,FALSE,Mesa,Mesa,Zx.0500,Zx.0500_P2_P3_P1.1.1.1.B
PV23-7518,bzea,PN4_SID347,FALSE,Mesa,Mesa,Zx.0500,Zx.0500_P2_P3_P1.2.1.1.B
PV23-7519,bzea,PN4_SID348,FALSE,Mesa,Mesa,Zx.0500,Zx.0500_P2_P3_P2.1.1.1.B
PV23-7520,bzea,PN4_SID349,FALSE,Mesa,Mesa,Zx.0500,Zx.0500_P2_P3_P2.3.1.1.B
PV23-7521,bzea,PN4_SID350,FALSE,Mesa,Mesa,Zx.0500,Zx.0500_P2_P5_P1.1.1.1.B
PV23-7522,bzea,PN4_SID351,FALSE,Mesa,Mesa,Zx.0500,Zx.0500_P2_P5_P1.2.1.1.B
PV23-7523,bzea,PN4_SID352,FALSE,Dura,Dura,Zx.0560,Zx.0560_P2_P1_P1.1.1.1.B
PV23-7524,bzea,PN4_SID353,FALSE,Dura,Dura,Zx.0560,Zx.0560_P2_P1_P3.1.1.1.B
PV23-7525,bzea,PN4_SID354,FALSE,Dura,Dura,Zx.0560,Zx.0560_P2_P1_P4.1.1.1.B
PV23-7526,bzea,PN4_SID355,FALSE,Dura,Dura,Zx.0560,Zx.0560_P2_P2_P1.1.1.1.B
PV23-7527,bzea,PN4_SID356,FALSE,Dura,Dura,Zx.0560,Zx.0560_P2_P2_P2.1.1.1.B
PV23-7528,bzea,PN4_SID357,FALSE,Dura,Dura,Zx.0560,Zx.0560_P2_P3_P1.1.1.1.B
PV23-7529,bzea,PN4_SID358,FALSE,Dura,Dura,Zx.0560,Zx.0560_P2_P3_P1.2.1.1.B
PV23-7530,bzea,PN4_SID359,FALSE,Dura,Dura,Zx.0560,Zx.0560_P2_P3_P2.1.1.1.B
PV23-7531,bzea,PN4_SID360,FALSE,Dura,Dura,Zx.0560,Zx.0560_P2_P3_P2.4.1.1.B
PV23-7532,bzea,PN4_SID361,FALSE,Dura,Dura,Zx.0560,Zx.0560_P2_P3_P3.1.1.1.B
PV23-7533,bzea,PN4_SID362,FALSE,Dura,Dura,Zx.0560,Zx.0560_P2_P3_P3.2.1.1.B
PV23-7534,bzea,PN4_SID363,FALSE,Dura,Dura,Zx.0560,Zx.0560_P2_P3_P4.1.1.1.B
PV23-7535,bzea,PN4_SID364,FALSE,Dura,Dura,Zx.0560,Zx.0560_P2_P3_P4.2.1.1.B
PV23-7536,bzea,PN4_SID365,FALSE,Dura,Dura,Zx.0560,Zx.0560_P2_P3_P5.3.1.1.B
PV23-7537,bzea,PN4_SID366,FALSE,Dura,Dura,Zx.0560,Zx.0560_P2_P5_P1.1.1.1.B
PV23-7538,bzea,PN4_SID367,FALSE,Dura,Dura,Zx.0560,Zx.0560_P2_P5_P1.2.1.1.B
PV23-7539,bzea,PN4_SID368,FALSE,Dura,Dura,Zx.0560,Zx.0560_P2_P5_P2.1.1.1.B
PV23-7540,bzea,PN4_SID369,FALSE,Dura,Dura,Zx.0560,Zx.0560_P2_P5_P2.3.1.1.B
PV23-7541,bzea,PN4_SID370,FALSE,Dura,Dura,Zx.0560,Zx.0560_P2_P5_P3.2.1.1.B
PV23-7542,bzea,PN4_SID371,FALSE,Dura,Dura,Zx.0560,Zx.0560_P2_P5_P3.4.1.1.B
PV23-7543,bzea,PN4_SID372,FALSE,Dura,Dura,Zx.0560,Zx.0560_P2_P5_P4.1.1.1.B
PV23-7544,bzea,PN4_SID373,TRUE,Purple,NA,NA,NA
PV23-7545,bzea,PN4_SID374,FALSE,Dura,Dura,Zx.0560,Zx.0560_P2_P5_P4.4.1.1.B
PV23-7546,bzea,PN4_SID375,FALSE,Dura,Dura,Zx.0560,Zx.0560_P4_P1_P1.1.1.1.B
PV23-7547,bzea,PN4_SID376,FALSE,Dura,Dura,Zx.0560,Zx.0560_P4_P1_P1.3.1.1.B
PV23-7548,bzea,PN4_SID377,FALSE,Dura,Dura,Zx.0560,Zx.0560_P4_P1_P2.1.1.1.B
PV23-7549,bzea,PN4_SID378,FALSE,Dura,Dura,Zx.0560,Zx.0560_P4_P1_P2.3.1.1.B
PV23-7550,bzea,PN4_SID379,FALSE,Dura,Dura,Zx.0560,Zx.0560_P4_P1_P3.1.1.1.B
PV23-7551,bzea,PN4_SID380,FALSE,Dura,Dura,Zx.0560,Zx.0560_P4_P1_P3.2.1.1.B
PV23-7552,bzea,PN4_SID381,FALSE,Dura,Dura,Zx.0560,Zx.0560_P4_P1_P4.1.1.1.B
PV23-7553,bzea,PN4_SID382,FALSE,Dura,Dura,Zx.0560,Zx.0560_P4_P2_P1.1.1.1.B
PV23-7554,bzea,PN4_SID383,FALSE,Dura,Dura,Zx.0560,Zx.0560_P4_P2_P1.5.1.1.B
PV23-7555,bzea,PN4_SID384,FALSE,Dura,Dura,Zx.0560,Zx.0560_P4_P2_P2.2.1.1.B
PV23-7556,bzea,PN5_SID385,FALSE,Dura,Dura,Zx.0560,Zx.0560_P4_P2_P2.4.1.1.B
PV23-7557,bzea,PN5_SID386,FALSE,Dura,Dura,Zx.0560,Zx.0560_P4_P3_P1.1.1.1.B
PV23-7558,bzea,PN5_SID387,FALSE,Dura,Dura,Zx.0560,Zx.0560_P4_P3_P1.2.1.1.B
PV23-7559,bzea,PN5_SID388,FALSE,Dura,Dura,Zx.0560,Zx.0560_P4_P3_P2.3.1.1.B
PV23-7560,bzea,PN5_SID389,FALSE,Dura,Dura,Zx.0560,Zx.0560_P4_P3_P2.4.1.1.B
PV23-7561,bzea,PN5_SID390,FALSE,Dura,Dura,Zx.0560,Zx.0560_P4_P3_P3.1.1.1.B
PV23-7562,bzea,PN5_SID391,FALSE,Dura,Dura,Zx.0560,Zx.0560_P4_P3_P3.2.1.1.B
PV23-7563,bzea,PN5_SID392,FALSE,Dura,Dura,Zx.0560,Zx.0560_P4_P3_P4.1.1.1.B
PV23-7564,bzea,PN5_SID393,FALSE,Dura,Dura,Zx.0560,Zx.0560_P4_P3_P4.3.1.1.B
PV23-7565,bzea,PN5_SID394,FALSE,Dura,Dura,Zx.0560,Zx.0560_P4_P3_P5.1.1.1.B
PV23-7566,bzea,PN5_SID395,FALSE,Dura,Dura,Zx.0560,Zx.0560_P4_P3_P5.2.1.1.B
PV23-7567,bzea,PN5_SID396,FALSE,Dura,Dura,Zx.0560,Zx.0560_P4_P4_P1.5.1.1.B
PV23-7568,bzea,PN5_SID397,FALSE,Dura,Dura,Zx.0560,Zx.0560_P4_P4_P2.1.1.1.B
PV23-7569,bzea,PN5_SID398,FALSE,Dura,Dura,Zx.0560,Zx.0560_P4_P4_P2.3.1.1.B
PV23-7570,bzea,PN5_SID399,FALSE,Dura,Dura,Zx.0560,Zx.0560_P4_P4_P3.2.1.1.B
PV23-7571,bzea,PN5_SID400,FALSE,Dura,Dura,Zx.0560,Zx.0560_P4_P4_P3.3.1.1.B
PV23-7572,bzea,PN5_SID401,FALSE,Dura,Dura,Zx.0560,Zx.0560_P4_P4_P4.1.1.1.B
PV23-7573,bzea,PN5_SID402,FALSE,Dura,Dura,Zx.0560,Zx.0560_P4_P4_P4.2.1.1.B
PV23-7574,bzea,PN5_SID403,FALSE,Dura,Dura,Zx.0560,Zx.0560_P4_P4_P5.1.1.1.B
PV23-7575,bzea,PN5_SID404,FALSE,Dura,Dura,Zx.0560,Zx.0560_P4_P5_P1.1.1.1.B
PV23-7576,bzea,PN5_SID405,FALSE,Dura,Dura,Zx.0550,Zx.0550_P1_P1_P2.1.1.1.B
PV23-7577,bzea,PN5_SID406,FALSE,Dura,Dura,Zx.0550,Zx.0550_P1_P1_P3.1.1.1.B
PV23-7578,bzea,PN5_SID407,FALSE,Dura,Dura,Zx.0550,Zx.0550_P1_P2_P1.1.1.1.B
PV23-7579,bzea,PN5_SID408,FALSE,Dura,Dura,Zx.0550,Zx.0550_P1_P2_P3.1.1.1.B
PV23-7580,bzea,PN5_SID409,FALSE,Dura,Dura,Zx.0550,Zx.0550_P1_P2_P4.1.1.1.B
PV23-7581,bzea,PN5_SID410,FALSE,Dura,Dura,Zx.0550,Zx.0550_P1_P3_P1.1.1.1.B
PV23-7582,bzea,PN5_SID411,FALSE,Dura,Dura,Zx.0550,Zx.0550_P1_P4_P1.2.1.1.B
PV23-7583,bzea,PN5_SID412,FALSE,Dura,Dura,Zx.0550,Zx.0550_P1_P4_P2.1.1.1.B
PV23-7584,bzea,PN5_SID413,FALSE,Dura,Dura,Zx.0550,Zx.0550_P1_P4_P2.2.1.1.B
PV23-7585,bzea,PN5_SID414,FALSE,Dura,Dura,Zx.0550,Zx.0550_P1_P5_P1.1.1.1.B
PV23-7586,bzea,PN5_SID415,FALSE,Dura,Dura,Zx.0550,Zx.0550_P1_P5_P1.2.1.1.B
PV23-7587,bzea,PN5_SID416,FALSE,Dura,Dura,Zx.0550,Zx.0550_P1_P5_P2.1.1.1.B
PV23-7588,bzea,PN5_SID417,FALSE,Dura,Dura,Zx.0550,Zx.0550_P1_P5_P2.2.1.1.B
PV23-7589,bzea,PN5_SID418,FALSE,Dura,Dura,Zx.0550,Zx.0550_P4_P1_P1.1.1.1.B
PV23-7590,bzea,PN5_SID419,FALSE,Dura,Dura,Zx.0550,Zx.0550_P4_P1_P1.2.1.1.B
PV23-7591,bzea,PN5_SID420,FALSE,Dura,Dura,Zx.0550,Zx.0550_P4_P1_P2.1.1.1.B
PV23-7592,bzea,PN5_SID421,FALSE,Dura,Dura,Zx.0550,Zx.0550_P4_P1_P2.2.1.1.B
PV23-7593,bzea,PN5_SID422,FALSE,Dura,Dura,Zx.0550,Zx.0550_P4_P1_P3.1.1.1.B
PV23-7594,bzea,PN5_SID423,FALSE,Dura,Dura,Zx.0550,Zx.0550_P4_P1_P3.2.1.1.B
PV23-7595,bzea,PN5_SID424,FALSE,Dura,Dura,Zx.0550,Zx.0550_P4_P1_P4.2.1.1.B
PV23-7596,bzea,PN5_SID425,FALSE,Dura,Dura,Zx.0550,Zx.0550_P4_P1_P4.3.1.1.B
PV23-7597,bzea,PN5_SID426,FALSE,Dura,Dura,Zx.0550,Zx.0550_P4_P2_P2.3.1.1.B
PV23-7598,bzea,PN5_SID427,FALSE,Dura,Dura,Zx.0550,Zx.0550_P4_P2_P2.5.1.1.B
PV23-7599,bzea,PN5_SID428,FALSE,Dura,Dura,Zx.0550,Zx.0550_P4_P2_P3.1.1.1.B
PV23-7600,bzea,PN5_SID429,TRUE,B73,B73,NA,NA
PV23-7601,bzea,PN5_SID430,FALSE,Dura,Dura,Zx.0550,Zx.0550_P4_P2_P3.3.1.1.B
PV23-7602,bzea,PN5_SID431,FALSE,Dura,Dura,Zx.0550,Zx.0550_P4_P2_P3.4.1.1.B
PV23-7603,bzea,PN5_SID432,FALSE,Dura,Dura,Zx.0550,Zx.0550_P4_P2_P4.1.1.1.B
PV23-7604,bzea,PN5_SID433,FALSE,Dura,Dura,Zx.0550,Zx.0550_P4_P2_P4.2.1.1.B
PV23-7605,bzea,PN5_SID434,FALSE,Dura,Dura,Zx.0550,Zx.0550_P4_P3_P1.1.1.1.B
PV23-7606,bzea,PN5_SID435,FALSE,Dura,Dura,Zx.0550,Zx.0550_P4_P3_P2.2.1.1.B
PV23-7607,bzea,PN5_SID436,FALSE,Dura,Dura,Zx.0550,Zx.0550_P4_P3_P2.3.1.1.B
PV23-7608,bzea,PN5_SID437,FALSE,Dura,Dura,Zx.0550,Zx.0550_P4_P3_P3.3.1.1.B
PV23-7609,bzea,PN5_SID438,FALSE,Dura,Dura,Zx.0550,Zx.0550_P4_P3_P4.1.1.1.B
PV23-7610,bzea,PN5_SID439,FALSE,Dura,Dura,Zx.0550,Zx.0550_P4_P3_P4.2.1.1.B
PV23-7611,bzea,PN5_SID440,FALSE,Dura,Dura,Zx.0550,Zx.0550_P4_P3_P5.2.1.1.B
PV23-7612,bzea,PN5_SID441,FALSE,Dura,Dura,Zx.0550,Zx.0550_P4_P3_P5.3.1.1.B
PV23-7613,bzea,PN5_SID442,TRUE,B73,B73,NA,NA
PV23-7614,bzea,PN5_SID443,FALSE,Dura,Dura,Zx.0550,Zx.0550_P4_P4_P1.1.1.1.B
PV23-7615,bzea,PN5_SID444,FALSE,Dura,Dura,Zx.0550,Zx.0550_P4_P4_P1.2.1.1.B
PV23-7616,bzea,PN5_SID445,TRUE,Purple,NA,NA,NA
PV23-7617,bzea,PN5_SID446,FALSE,Dura,Dura,Zx.0550,Zx.0550_P4_P4_P2.3.1.1.B
PV23-7618,bzea,PN5_SID447,FALSE,Dura,Dura,Zx.0550,Zx.0550_P4_P4_P3.1.1.1.B
PV23-7619,bzea,PN5_SID448,FALSE,Dura,Dura,Zx.0550,Zx.0550_P4_P4_P3.2.1.1.B
PV23-7620,bzea,PN5_SID449,FALSE,Dura,Dura,Zx.0550,Zx.0550_P4_P4_P4.1.1.1.B
PV23-7621,bzea,PN5_SID450,FALSE,Dura,Dura,Zx.0550,Zx.0550_P4_P4_P4.3.1.1.B
PV23-7622,bzea,PN5_SID451,FALSE,Dura,Dura,Zx.0550,Zx.0550_P4_P4_P4.4.1.1.B
PV23-7623,bzea,PN5_SID452,FALSE,Dura,Dura,Zx.0550,Zx.0550_P4_P4_P5.1.1.1.B
PV23-7624,bzea,PN5_SID453,FALSE,Dura,Dura,Zx.0550,Zx.0550_P4_P4_P5.2.1.1.B
PV23-7625,bzea,PN5_SID454,FALSE,Dura,Dura,Zx.0550,Zx.0550_P4_P4_P6.1.1.1.B
PV23-7626,bzea,PN5_SID455,FALSE,Dura,Dura,Zx.0550,Zx.0550_P4_P4_P6.2.1.1.B
PV23-7627,bzea,PN5_SID456,FALSE,Dura,Dura,Zx.0550,Zx.0550_P4_P5_P1.2.1.1.B
PV23-7628,bzea,PN5_SID457,FALSE,Dura,Dura,Zx.0550,Zx.0550_P4_P5_P1.3.1.1.B
PV23-7629,bzea,PN5_SID458,FALSE,Dura,Dura,Zx.0550,Zx.0550_P4_P5_P2.1.1.1.B
PV23-7630,bzea,PN5_SID459,FALSE,Dura,Dura,Zx.0550,Zx.0550_P4_P5_P2.2.1.1.B
PV23-7631,bzea,PN5_SID460,FALSE,Dura,Dura,Zx.0550,Zx.0550_P4_P5_P3.1.1.1.B
PV23-7632,bzea,PN5_SID461,FALSE,Dura,Dura,Zx.0550,Zx.0550_P4_P5_P3.2.1.1.B
PV23-7633,bzea,PN5_SID462,FALSE,Dura,Dura,Zx.0550,Zx.0550_P4_P5_P4.1.1.1.B
PV23-7634,bzea,PN5_SID463,FALSE,Dura,Dura,Zx.0550,Zx.0550_P4_P5_P4.2.1.1.B
PV23-7635,bzea,PN5_SID464,FALSE,Dura,Dura,Zx.0540,Zx.0540_P3_P1_P1.2.1.1.B
PV23-7636,bzea,PN5_SID465,FALSE,Dura,Dura,Zx.0540,Zx.0540_P3_P1_P1.3.1.1.B
PV23-7637,bzea,PN5_SID466,FALSE,Dura,Dura,Zx.0540,Zx.0540_P3_P1_P2.1.1.1.B
PV23-7638,bzea,PN5_SID467,FALSE,Dura,Dura,Zx.0540,Zx.0540_P3_P1_P2.2.1.1.B
PV23-7639,bzea,PN5_SID468,TRUE,B73,B73,NA,NA
PV23-7640,bzea,PN5_SID469,FALSE,Dura,Dura,Zx.0540,Zx.0540_P3_P1_P3.2.1.1.B
PV23-7641,bzea,PN5_SID470,FALSE,Dura,Dura,Zx.0540,Zx.0540_P3_P1_P3.3.1.1.B
PV23-7642,bzea,PN5_SID471,FALSE,Dura,Dura,Zx.0540,Zx.0540_P3_P2_P1.2.1.1.B
PV23-7643,bzea,PN5_SID472,FALSE,Dura,Dura,Zx.0540,Zx.0540_P3_P2_P1.3.1.1.B
PV23-7644,bzea,PN5_SID473,FALSE,Dura,Dura,Zx.0540,Zx.0540_P3_P2_P2.2.1.1.B
PV23-7645,bzea,PN5_SID474,FALSE,Dura,Dura,Zx.0540,Zx.0540_P3_P2_P2.3.1.1.B
PV23-7646,bzea,PN5_SID475,FALSE,Dura,Dura,Zx.0540,Zx.0540_P3_P3_P1.1.1.1.B
PV23-7647,bzea,PN5_SID476,FALSE,Dura,Dura,Zx.0540,Zx.0540_P3_P3_P1.2.1.1.B
PV23-7648,bzea,PN5_SID477,FALSE,Dura,Dura,Zx.0540,Zx.0540_P3_P3_P2.1.1.1.B
PV23-7649,bzea,PN5_SID478,TRUE,Purple,NA,NA,NA
PV23-7650,bzea,PN5_SID479,FALSE,Dura,Dura,Zx.0540,Zx.0540_P3_P3_P2.3.1.1.B
PV23-7651,bzea,PN5_SID480,FALSE,Dura,Dura,Zx.0540,Zx.0540_P3_P3_P2.4.1.1.B
PV23-7652,bzea,PN6_SID481,FALSE,Dura,Dura,Zx.0540,Zx.0540_P3_P3_P3.1.1.1.B
PV23-7653,bzea,PN6_SID482,FALSE,Dura,Dura,Zx.0540,Zx.0540_P3_P3_P3.2.1.1.B
PV23-7654,bzea,PN6_SID483,FALSE,Dura,Dura,Zx.0540,Zx.0540_P3_P3_P4.1.1.1.B
PV23-7655,bzea,PN6_SID484,FALSE,Dura,Dura,Zx.0540,Zx.0540_P3_P3_P5.2.1.1.B
PV23-7656,bzea,PN6_SID485,FALSE,Dura,Dura,Zx.0540,Zx.0540_P3_P3_P5.4.1.1.B
PV23-7657,bzea,PN6_SID486,FALSE,Dura,Dura,Zx.0540,Zx.0540_P3_P4_P1.1.1.1.B
PV23-7658,bzea,PN6_SID487,FALSE,Dura,Dura,Zx.0540,Zx.0540_P3_P4_P1.2.1.1.B
PV23-7659,bzea,PN6_SID488,FALSE,Dura,Dura,Zx.0540,Zx.0540_P3_P4_P2.1.1.1.B
PV23-7660,bzea,PN6_SID489,FALSE,Dura,Dura,Zx.0540,Zx.0540_P3_P4_P2.3.1.1.B
PV23-7661,bzea,PN6_SID490,FALSE,Dura,Dura,Zx.0540,Zx.0540_P3_P4_P3.4.1.1.B
PV23-7662,bzea,PN6_SID491,FALSE,Dura,Dura,Zx.0540,Zx.0540_P3_P4_P3.5.1.1.B
PV23-7663,bzea,PN6_SID492,FALSE,Dura,Dura,Zx.0540,Zx.0540_P3_P4_P4.3.1.1.B
PV23-7664,bzea,PN6_SID493,FALSE,Dura,Dura,Zx.0540,Zx.0540_P3_P4_P4.4.1.1.B
PV23-7665,bzea,PN6_SID494,FALSE,Dura,Dura,Zx.0540,Zx.0540_P3_P4_P5.2.1.1.B
PV23-7666,bzea,PN6_SID495,FALSE,Dura,Dura,Zx.0540,Zx.0540_P3_P4_P5.3.1.1.B
PV23-7667,bzea,PN6_SID496,FALSE,Dura,Dura,Zx.0540,Zx.0540_P3_P5_P1.1.1.1.B
PV23-7668,bzea,PN6_SID497,FALSE,Dura,Dura,Zx.0540,Zx.0540_P3_P5_P1.2.1.1.B
PV23-7669,bzea,PN6_SID498,FALSE,Dura,Dura,Zx.0540,Zx.0540_P3_P5_P2.2.1.1.B
PV23-7670,bzea,PN6_SID499,FALSE,Dura,Dura,Zx.0540,Zx.0540_P3_P5_P2.5.1.1.B
PV23-7671,bzea,PN6_SID500,FALSE,Dura,Dura,Zx.0540,Zx.0540_P3_P5_P3.2.1.1.B
PV23-7672,bzea,PN6_SID501,FALSE,Dura,Dura,Zx.0540,Zx.0540_P3_P5_P4.2.1.1.B
PV23-7673,bzea,PN6_SID502,FALSE,Dura,Dura,Zx.0540,Zx.0540_P3_P5_P4.5.1.1.B
PV23-7674,bzea,PN6_SID503,FALSE,Dura,Dura,Zx.0540,Zx.0540_P3_P5_P6.1.1.1.B
PV23-7675,bzea,PN6_SID504,FALSE,Dura,Dura,Zx.0540,Zx.0540_P3_P5_P6.2.1.1.B
PV23-7676,bzea,PN6_SID505,FALSE,Dura,Dura,Zx.0540,Zx.0540_P3_P5_P6.4.1.1.B
PV23-7677,bzea,PN6_SID506,FALSE,Mesa,Mesa,Zx.0440,Zx.0440_P1_P1_P1.1.1.1.B
PV23-7678,bzea,PN6_SID507,FALSE,Mesa,Mesa,Zx.0440,Zx.0440_P1_P1_P1.3.1.1.B
PV23-7679,bzea,PN6_SID508,FALSE,Mesa,Mesa,Zx.0440,Zx.0440_P1_P2_P1.1.1.1.B
PV23-7680,bzea,PN6_SID509,FALSE,Mesa,Mesa,Zx.0440,Zx.0440_P1_P3_P1.2.1.1.B
PV23-7681,bzea,PN6_SID510,FALSE,Mesa,Mesa,Zx.0440,Zx.0440_P1_P3_P1.3.1.1.B
PV23-7682,bzea,PN6_SID511,FALSE,Mesa,Mesa,Zx.0440,Zx.0440_P1_P4_P1.1.1.1.B
PV23-7683,bzea,PN6_SID512,FALSE,Mesa,Mesa,Zx.0440,Zx.0440_P1_P5_P1.1.1.1.B
PV23-7684,bzea,PN6_SID513,FALSE,Mesa,Mesa,Zx.0440,Zx.0440_P1_P5_P1.2.1.1.B
PV23-7685,bzea,PN6_SID514,FALSE,Mesa,Mesa,Zx.0440,Zx.0440_P1_P5_P1.3.1.1.B
PV23-7686,bzea,PN6_SID515,FALSE,Mesa,Mesa,Zx.0440,Zx.0440_P2_P1_P1.2.1.1.B
PV23-7687,bzea,PN6_SID516,FALSE,Mesa,Mesa,Zx.0440,Zx.0440_P2_P2_P1.1.1.1.B
PV23-7688,bzea,PN6_SID517,FALSE,Mesa,Mesa,Zx.0440,Zx.0440_P2_P2_P1.2.1.1.B
PV23-7689,bzea,PN6_SID518,FALSE,Mesa,Mesa,Zx.0440,Zx.0440_P2_P3_P1.1.1.1.B
PV23-7690,bzea,PN6_SID519,FALSE,Mesa,Mesa,Zx.0440,Zx.0440_P2_P3_P1.2.1.1.B
PV23-7691,bzea,PN6_SID520,FALSE,Mesa,Mesa,Zx.0440,Zx.0440_P2_P4_P1.1.1.1.B
PV23-7692,bzea,PN6_SID521,FALSE,Mesa,Mesa,Zx.0440,Zx.0440_P2_P4_P1.2.1.1.B
PV23-7693,bzea,PN6_SID522,FALSE,Mesa,Mesa,Zx.0440,Zx.0440_P2_P5_P1.2.1.1.B
PV23-7694,bzea,PN6_SID523,FALSE,Zdip,Zdip,Zd.0030,Zd.0030_P2_P1_P1.1.1.1.B
PV23-7695,bzea,PN6_SID524,FALSE,Zdip,Zdip,Zd.0030,Zd.0030_P2_P1_P1.2.1.1.B
PV23-7696,bzea,PN6_SID525,FALSE,Zdip,Zdip,Zd.0030,Zd.0030_P2_P1_P1.3.1.1.B
PV23-7697,bzea,PN6_SID526,FALSE,Zdip,Zdip,Zd.0030,Zd.0030_P2_P1_P1.5.1.1.B
PV23-7698,bzea,PN6_SID527,FALSE,Zdip,Zdip,Zd.0030,Zd.0030_P2_P1_P2.1.1.1.B
PV23-7699,bzea,PN6_SID528,FALSE,Zdip,Zdip,Zd.0030,Zd.0030_P2_P1_P2.2.1.1.B
PV23-7700,bzea,PN6_SID529,FALSE,Zdip,Zdip,Zd.0030,Zd.0030_P2_P1_P2.4.1.1.B
PV23-7701,bzea,PN6_SID530,TRUE,Purple,NA,NA,NA
PV23-7702,bzea,PN6_SID531,FALSE,Zdip,Zdip,Zd.0030,Zd.0030_P2_P1_P3.2.1.1.B
PV23-7703,bzea,PN6_SID532,FALSE,Zdip,Zdip,Zd.0030,Zd.0030_P2_P1_P3.3.1.1.B
PV23-7704,bzea,PN6_SID533,FALSE,Zdip,Zdip,Zd.0030,Zd.0030_P2_P1_P3.4.1.1.B
PV23-7705,bzea,PN6_SID534,FALSE,Zdip,Zdip,Zd.0030,Zd.0030_P2_P2_P1.1.1.1.B
PV23-7706,bzea,PN6_SID535,FALSE,Zdip,Zdip,Zd.0030,Zd.0030_P2_P2_P1.2.1.1.B
PV23-7707,bzea,PN6_SID536,FALSE,Zdip,Zdip,Zd.0030,Zd.0030_P2_P2_P1.3.1.1.B
PV23-7708,bzea,PN6_SID537,FALSE,Zdip,Zdip,Zd.0030,Zd.0030_P2_P2_P1.4.1.1.B
PV23-7709,bzea,PN6_SID538,FALSE,Zdip,Zdip,Zd.0030,Zd.0030_P2_P2_P2.3.1.1.B
PV23-7710,bzea,PN6_SID539,FALSE,Zdip,Zdip,Zd.0030,Zd.0030_P2_P2_P2.5.1.1.B
PV23-7711,bzea,PN6_SID540,FALSE,Zdip,Zdip,Zd.0030,Zd.0030_P2_P2_P3.1.1.1.B
PV23-7712,bzea,PN6_SID541,FALSE,Zdip,Zdip,Zd.0030,Zd.0030_P2_P2_P3.2.1.1.B
PV23-7713,bzea,PN6_SID542,FALSE,Zdip,Zdip,Zd.0030,Zd.0030_P2_P2_P3.3.1.1.B
PV23-7714,bzea,PN6_SID543,FALSE,Zdip,Zdip,Zd.0030,Zd.0030_P2_P2_P3.4.1.1.B
PV23-7715,bzea,PN6_SID544,FALSE,Zdip,Zdip,Zd.0030,Zd.0030_P2_P2_P4.4.1.1.B
PV23-7716,bzea,PN6_SID545,FALSE,Zdip,Zdip,Zd.0030,Zd.0030_P2_P2_P4.5.1.1.B
PV23-7717,bzea,PN6_SID546,FALSE,Zdip,Zdip,Zd.0030,Zd.0030_P2_P3_P1.1.1.1.B
PV23-7718,bzea,PN6_SID547,FALSE,Zdip,Zdip,Zd.0030,Zd.0030_P2_P3_P1.2.1.1.B
PV23-7719,bzea,PN6_SID548,FALSE,Zdip,Zdip,Zd.0030,Zd.0030_P2_P3_P1.3.1.1.B
PV23-7720,bzea,PN6_SID549,FALSE,Zdip,Zdip,Zd.0030,Zd.0030_P2_P3_P2.1.1.1.B
PV23-7721,bzea,PN6_SID550,FALSE,Zdip,Zdip,Zd.0030,Zd.0030_P2_P3_P2.2.1.1.B
PV23-7722,bzea,PN6_SID551,FALSE,Zdip,Zdip,Zd.0030,Zd.0030_P2_P3_P2.3.1.1.B
PV23-7723,bzea,PN6_SID552,FALSE,Zdip,Zdip,Zd.0030,Zd.0030_P2_P3_P2.4.1.1.B
PV23-7724,bzea,PN6_SID553,FALSE,Zdip,Zdip,Zd.0030,Zd.0030_P2_P3_P3.1.1.1.B
PV23-7725,bzea,PN6_SID554,FALSE,Zdip,Zdip,Zd.0030,Zd.0030_P2_P3_P3.4.1.1.B
PV23-7726,bzea,PN6_SID555,FALSE,Zdip,Zdip,Zd.0030,Zd.0030_P2_P3_P3.5.1.1.B
PV23-7727,bzea,PN6_SID556,FALSE,Zdip,Zdip,Zd.0030,Zd.0030_P2_P4_P1.1.1.1.B
PV23-7728,bzea,PN6_SID557,FALSE,Zdip,Zdip,Zd.0030,Zd.0030_P2_P4_P1.2.1.1.B
PV23-7729,bzea,PN6_SID558,FALSE,Zdip,Zdip,Zd.0030,Zd.0030_P2_P4_P1.3.1.1.B
PV23-7730,bzea,PN6_SID559,FALSE,Zdip,Zdip,Zd.0030,Zd.0030_P2_P4_P2.1.1.1.B
PV23-7731,bzea,PN6_SID560,FALSE,Zdip,Zdip,Zd.0030,Zd.0030_P2_P4_P2.2.1.1.B
PV23-7732,bzea,PN6_SID561,FALSE,Zdip,Zdip,Zd.0030,Zd.0030_P2_P4_P2.3.1.1.B
PV23-7733,bzea,PN6_SID562,FALSE,Zdip,Zdip,Zd.0030,Zd.0030_P2_P4_P2.4.1.1.B
PV23-7734,bzea,PN6_SID563,FALSE,Zdip,Zdip,Zd.0030,Zd.0030_P2_P4_P3.2.1.1.B
PV23-7735,bzea,PN6_SID564,FALSE,Zdip,Zdip,Zd.0030,Zd.0030_P2_P4_P3.3.1.1.B
PV23-7736,bzea,PN6_SID565,FALSE,Zdip,Zdip,Zd.0030,Zd.0030_P2_P4_P3.4.1.1.B
PV23-7737,bzea,PN6_SID566,FALSE,Zdip,Zdip,Zd.0030,Zd.0030_P2_P4_P4.1.1.1.B
PV23-7738,bzea,PN6_SID567,FALSE,Zdip,Zdip,Zd.0030,Zd.0030_P2_P4_P4.2.1.1.B
PV23-7739,bzea,PN6_SID568,FALSE,Zdip,Zdip,Zd.0030,Zd.0030_P2_P4_P4.3.1.1.B
PV23-7740,bzea,PN6_SID569,FALSE,Zdip,Zdip,Zd.0030,Zd.0030_P2_P4_P4.4.1.1.B
PV23-7741,bzea,PN6_SID570,FALSE,Zdip,Zdip,Zd.0030,Zd.0030_P2_P4_P5.1.1.1.B
PV23-7742,bzea,PN6_SID571,FALSE,Zdip,Zdip,Zd.0030,Zd.0030_P2_P4_P5.2.1.1.B
PV23-7743,bzea,PN6_SID572,FALSE,Zdip,Zdip,Zd.0030,Zd.0030_P2_P4_P5.3.1.1.B
PV23-7744,bzea,PN6_SID573,FALSE,Zdip,Zdip,Zd.0030,Zd.0030_P2_P4_P5.4.1.1.B
PV23-7745,bzea,PN6_SID574,FALSE,Zdip,Zdip,Zd.0030,Zd.0030_P2_P5_P1.1.1.1.B
PV23-7746,bzea,PN6_SID575,FALSE,Zdip,Zdip,Zd.0030,Zd.0030_P2_P5_P1.2.1.1.B
PV23-7747,bzea,PN6_SID576,TRUE,B73,B73,NA,NA
PV23-7748,bzea,PN7_SID577,FALSE,Zdip,Zdip,Zd.0030,Zd.0030_P2_P5_P1.4.1.1.B
PV23-7749,bzea,PN7_SID578,FALSE,Zdip,Zdip,Zd.0030,Zd.0030_P2_P5_P1.5.1.1.B
PV23-7750,bzea,PN7_SID579,FALSE,Zdip,Zdip,Zd.0030,Zd.0030_P2_P5_P2.1.1.1.B
PV23-7751,bzea,PN7_SID580,FALSE,Zdip,Zdip,Zd.0030,Zd.0030_P2_P5_P2.2.1.1.B
PV23-7752,bzea,PN7_SID581,FALSE,Zdip,Zdip,Zd.0030,Zd.0030_P2_P5_P2.3.1.1.B
PV23-7753,bzea,PN7_SID582,FALSE,Zdip,Zdip,Zd.0030,Zd.0030_P2_P5_P3.1.1.1.B
PV23-7754,bzea,PN7_SID583,TRUE,Purple,NA,NA,NA
PV23-7755,bzea,PN7_SID584,FALSE,Zdip,Zdip,Zd.0030,Zd.0030_P2_P5_P3.4.1.1.B
PV23-7756,bzea,PN7_SID585,FALSE,Zdip,Zdip,Zd.0030,Zd.0030_P2_P5_P4.1.1.1.B
PV23-7757,bzea,PN7_SID586,FALSE,Zdip,Zdip,Zd.0030,Zd.0030_P2_P5_P4.2.1.1.B
PV23-7758,bzea,PN7_SID587,FALSE,Zdip,Zdip,Zd.0030,Zd.0030_P2_P5_P5.1.1.1.B
PV23-7759,bzea,PN7_SID588,FALSE,Zdip,Zdip,Zd.0030,Zd.0030_P2_P5_P5.2.1.1.B
PV23-7760,bzea,PN7_SID589,FALSE,Zdip,Zdip,Zd.0030,Zd.0030_P2_P5_P5.3.1.1.B
PV23-7761,bzea,PN7_SID590,FALSE,Zdip,Zdip,Zd.0040,Zd.0040_P1_P1_P1.1.1.1.B
PV23-7762,bzea,PN7_SID591,FALSE,Zdip,Zdip,Zd.0040,Zd.0040_P1_P1_P1.3.1.1.B
PV23-7763,bzea,PN7_SID592,FALSE,Zdip,Zdip,Zd.0040,Zd.0040_P1_P1_P1.4.1.1.B
PV23-7764,bzea,PN7_SID593,FALSE,Zdip,Zdip,Zd.0040,Zd.0040_P1_P1_P2.1.1.1.B
PV23-7765,bzea,PN7_SID594,FALSE,Zdip,Zdip,Zd.0040,Zd.0040_P1_P1_P2.2.1.1.B
PV23-7766,bzea,PN7_SID595,FALSE,Zdip,Zdip,Zd.0040,Zd.0040_P1_P3_P1.1.1.1.B
PV23-7767,bzea,PN7_SID596,FALSE,Zdip,Zdip,Zd.0040,Zd.0040_P1_P3_P1.3.1.1.B
PV23-7768,bzea,PN7_SID597,TRUE,Purple,NA,NA,NA
PV23-7769,bzea,PN7_SID598,FALSE,Zdip,Zdip,Zd.0040,Zd.0040_P1_P3_P2.1.1.1.B
PV23-7770,bzea,PN7_SID599,FALSE,Zdip,Zdip,Zd.0040,Zd.0040_P1_P3_P2.2.1.1.B
PV23-7771,bzea,PN7_SID600,TRUE,Purple,NA,NA,NA
PV23-7772,bzea,PN7_SID601,FALSE,Zdip,Zdip,Zd.0040,Zd.0040_P1_P4_P1.1.1.1.B
PV23-7773,bzea,PN7_SID602,FALSE,Zdip,Zdip,Zd.0040,Zd.0040_P1_P4_P1.2.1.1.B
PV23-7774,bzea,PN7_SID603,FALSE,Zdip,Zdip,Zd.0040,Zd.0040_P1_P4_P1.3.1.1.B
PV23-7775,bzea,PN7_SID604,FALSE,Zdip,Zdip,Zd.0040,Zd.0040_P1_P4_P1.4.1.1.B
PV23-7776,bzea,PN7_SID605,FALSE,Zdip,Zdip,Zd.0040,Zd.0040_P1_P4_P2.2.1.1.B
PV23-7777,bzea,PN7_SID606,FALSE,Zdip,Zdip,Zd.0040,Zd.0040_P1_P4_P2.3.1.1.B
PV23-7778,bzea,PN7_SID607,FALSE,Zdip,Zdip,Zd.0040,Zd.0040_P1_P4_P2.4.1.1.B
PV23-7779,bzea,PN7_SID608,FALSE,Zdip,Zdip,Zd.0040,Zd.0040_P1_P4_P3.1.1.1.B
PV23-7780,bzea,PN7_SID609,FALSE,Zdip,Zdip,Zd.0040,Zd.0040_P1_P4_P3.3.1.1.B
PV23-7781,bzea,PN7_SID610,FALSE,Zdip,Zdip,Zd.0040,Zd.0040_P1_P4_P4.1.1.1.B
PV23-7782,bzea,PN7_SID611,FALSE,Zdip,Zdip,Zd.0040,Zd.0040_P1_P4_P4.2.1.1.B
PV23-7783,bzea,PN7_SID612,FALSE,Zdip,Zdip,Zd.0040,Zd.0040_P1_P4_P4.3.1.1.B
PV23-7784,bzea,PN7_SID613,FALSE,Zdip,Zdip,Zd.0040,Zd.0040_P1_P4_P5.1.1.1.B
PV23-7785,bzea,PN7_SID614,FALSE,Zdip,Zdip,Zd.0040,Zd.0040_P1_P4_P5.3.1.1.B
PV23-7786,bzea,PN7_SID615,FALSE,Zdip,Zdip,Zd.0040,Zd.0040_P1_P4_P5.4.1.1.B
PV23-7787,bzea,PN7_SID616,FALSE,Zdip,Zdip,Zd.0040,Zd.0040_P1_P4_P6.3.1.1.B
PV23-7788,bzea,PN7_SID617,FALSE,Zdip,Zdip,Zd.0040,Zd.0040_P1_P5_P1.2.1.1.B
PV23-7789,bzea,PN7_SID618,FALSE,Zdip,Zdip,Zd.0040,Zd.0040_P1_P5_P1.3.1.1.B
PV23-7790,bzea,PN7_SID619,FALSE,Zdip,Zdip,Zd.0040,Zd.0040_P1_P5_P1.4.1.1.B
PV23-7791,bzea,PN7_SID620,FALSE,Zdip,Zdip,Zd.0040,Zd.0040_P1_P5_P2.1.1.1.B
PV23-7792,bzea,PN7_SID621,FALSE,Zdip,Zdip,Zd.0040,Zd.0040_P1_P5_P2.2.1.1.B
PV23-7793,bzea,PN7_SID622,FALSE,Zdip,Zdip,Zd.0040,Zd.0040_P1_P5_P2.3.1.1.B
PV23-7794,bzea,PN7_SID623,FALSE,Zdip,Zdip,Zd.0040,Zd.0040_P1_P5_P2.4.1.1.B
PV23-7795,bzea,PN7_SID624,FALSE,Zdip,Zdip,Zd.0040,Zd.0040_P1_P5_P3.1.1.1.B
PV23-7796,bzea,PN7_SID625,FALSE,Zdip,Zdip,Zd.0040,Zd.0040_P1_P5_P3.2.1.1.B
PV23-7797,bzea,PN7_SID626,FALSE,Zdip,Zdip,Zd.0040,Zd.0040_P1_P5_P3.3.1.1.B
PV23-7798,bzea,PN7_SID627,FALSE,Zdip,Zdip,Zd.0040,Zd.0040_P1_P5_P3.4.1.1.B
PV23-7799,bzea,PN7_SID628,FALSE,Zdip,Zdip,Zd.0040,Zd.0040_P1_P5_P4.2.1.1.B
PV23-7800,bzea,PN7_SID629,FALSE,Zdip,Zdip,Zd.0040,Zd.0040_P1_P5_P4.4.1.1.B
PV23-7801,bzea,PN7_SID630,FALSE,Nobo,Nobo,Zx.0580,Zx.0580_P2_P1_P1.1.1.1.B
PV23-7802,bzea,PN7_SID631,FALSE,Nobo,Nobo,Zx.0580,Zx.0580_P2_P1_P1.2.1.1.B
PV23-7803,bzea,PN7_SID632,FALSE,Nobo,Nobo,Zx.0580,Zx.0580_P2_P1_P1.4.1.1.B
PV23-7804,bzea,PN7_SID633,FALSE,Nobo,Nobo,Zx.0580,Zx.0580_P2_P1_P1.5.1.1.B
PV23-7805,bzea,PN7_SID634,FALSE,Nobo,Nobo,Zx.0580,Zx.0580_P2_P1_P2.1.1.1.B
PV23-7806,bzea,PN7_SID635,FALSE,Nobo,Nobo,Zx.0580,Zx.0580_P2_P1_P2.2.1.1.B
PV23-7807,bzea,PN7_SID636,FALSE,Nobo,Nobo,Zx.0580,Zx.0580_P2_P1_P2.3.1.1.B
PV23-7808,bzea,PN7_SID637,FALSE,Nobo,Nobo,Zx.0580,Zx.0580_P2_P1_P2.4.1.1.B
PV23-7809,bzea,PN7_SID638,TRUE,Purple,NA,NA,NA
PV23-7810,bzea,PN7_SID639,FALSE,Nobo,Nobo,Zx.0580,Zx.0580_P2_P2_P1.1.1.1.B
PV23-7811,bzea,PN7_SID640,FALSE,Nobo,Nobo,Zx.0580,Zx.0580_P2_P2_P1.3.1.1.B
PV23-7812,bzea,PN7_SID641,FALSE,Nobo,Nobo,Zx.0580,Zx.0580_P2_P2_P1.4.1.1.B
PV23-7813,bzea,PN7_SID642,FALSE,Nobo,Nobo,Zx.0580,Zx.0580_P2_P3_P1.1.1.1.B
PV23-7814,bzea,PN7_SID643,FALSE,Nobo,Nobo,Zx.0580,Zx.0580_P2_P3_P1.2.1.1.B
PV23-7815,bzea,PN7_SID644,FALSE,Nobo,Nobo,Zx.0580,Zx.0580_P2_P3_P1.3.1.1.B
PV23-7816,bzea,PN7_SID645,FALSE,Nobo,Nobo,Zx.0580,Zx.0580_P2_P3_P1.4.1.1.B
PV23-7817,bzea,PN7_SID646,FALSE,Nobo,Nobo,Zx.0580,Zx.0580_P2_P3_P2.1.1.1.B
PV23-7818,bzea,PN7_SID647,FALSE,Nobo,Nobo,Zx.0580,Zx.0580_P2_P3_P2.2.1.1.B
PV23-7819,bzea,PN7_SID648,FALSE,Nobo,Nobo,Zx.0580,Zx.0580_P2_P3_P2.4.1.1.B
PV23-7820,bzea,PN7_SID649,FALSE,Nobo,Nobo,Zx.0580,Zx.0580_P2_P3_P2.5.1.1.B
PV23-7821,bzea,PN7_SID650,FALSE,Nobo,Nobo,Zx.0580,Zx.0580_P2_P3_P3.1.1.1.B
PV23-7822,bzea,PN7_SID651,FALSE,Nobo,Nobo,Zx.0580,Zx.0580_P2_P3_P3.2.1.1.B
PV23-7823,bzea,PN7_SID652,FALSE,Nobo,Nobo,Zx.0580,Zx.0580_P2_P3_P3.3.1.1.B
PV23-7824,bzea,PN7_SID653,FALSE,Nobo,Nobo,Zx.0580,Zx.0580_P2_P3_P3.4.1.1.B
PV23-7825,bzea,PN7_SID654,FALSE,Nobo,Nobo,Zx.0580,Zx.0580_P2_P4_P1.1.1.1.B
PV23-7826,bzea,PN7_SID655,FALSE,Nobo,Nobo,Zx.0580,Zx.0580_P2_P4_P1.2.1.1.B
PV23-7827,bzea,PN7_SID656,FALSE,Nobo,Nobo,Zx.0580,Zx.0580_P2_P4_P1.3.1.1.B
PV23-7828,bzea,PN7_SID657,FALSE,Nobo,Nobo,Zx.0580,Zx.0580_P2_P4_P1.4.1.1.B
PV23-7829,bzea,PN7_SID658,FALSE,Nobo,Nobo,Zx.0580,Zx.0580_P2_P4_P2.1.1.1.B
PV23-7830,bzea,PN7_SID659,FALSE,Nobo,Nobo,Zx.0580,Zx.0580_P2_P4_P2.2.1.1.B
PV23-7831,bzea,PN7_SID660,FALSE,Nobo,Nobo,Zx.0580,Zx.0580_P2_P4_P2.3.1.1.B
PV23-7832,bzea,PN7_SID661,FALSE,Nobo,Nobo,Zx.0580,Zx.0580_P2_P4_P2.4.1.1.B
PV23-7833,bzea,PN7_SID662,FALSE,Nobo,Nobo,Zx.0580,Zx.0580_P2_P5_P1.1.1.1.B
PV23-7834,bzea,PN7_SID663,FALSE,Nobo,Nobo,Zx.0580,Zx.0580_P2_P5_P1.2.1.1.B
PV23-7835,bzea,PN7_SID664,FALSE,Nobo,Nobo,Zx.0580,Zx.0580_P2_P5_P1.3.1.1.B
PV23-7836,bzea,PN7_SID665,FALSE,Nobo,Nobo,Zx.0580,Zx.0580_P2_P5_P1.4.1.1.B
PV23-7837,bzea,PN7_SID666,FALSE,Nobo,Nobo,Zx.0580,Zx.0580_P2_P5_P2.1.1.1.B
PV23-7838,bzea,PN7_SID667,FALSE,Nobo,Nobo,Zx.0580,Zx.0580_P2_P5_P2.2.1.1.B
PV23-7839,bzea,PN7_SID668,FALSE,Nobo,Nobo,Zx.0580,Zx.0580_P2_P5_P2.3.1.1.B
PV23-7840,bzea,PN7_SID669,FALSE,Nobo,Nobo,Zx.0580,Zx.0580_P2_P5_P2.4.1.1.B
PV23-7841,bzea,PN7_SID670,FALSE,Nobo,Nobo,Zx.0580,Zx.0580_P2_P5_P3.1.1.1.B
PV23-7842,bzea,PN7_SID671,FALSE,Nobo,Nobo,Zx.0580,Zx.0580_P2_P5_P3.2.1.1.B
PV23-7843,bzea,PN7_SID672,FALSE,Nobo,Nobo,Zx.0580,Zx.0580_P2_P5_P3.3.1.1.B
PV23-7844,bzea,PN8_SID673,FALSE,Nobo,Nobo,Zx.0580,Zx.0580_P2_P5_P3.4.1.1.B
PV23-7845,bzea,PN8_SID674,FALSE,Nobo,Nobo,Zx.0580,Zx.0580_P2_P5_P4.1.1.1.B
PV23-7846,bzea,PN8_SID675,FALSE,Nobo,Nobo,Zx.0580,Zx.0580_P2_P5_P4.3.1.1.B
PV23-7847,bzea,PN8_SID676,FALSE,Nobo,Nobo,Zx.0580,Zx.0580_P2_P5_P4.4.1.1.B
PV23-7848,bzea,PN8_SID677,FALSE,Nobo,Nobo,Zx.0580,Zx.0580_P2_P5_P5.1.1.1.B
PV23-7849,bzea,PN8_SID678,FALSE,Nobo,Nobo,Zx.0580,Zx.0580_P2_P5_P5.3.1.1.B
PV23-7850,bzea,PN8_SID679,FALSE,Nobo,Nobo,Zx.0580,Zx.0580_P2_P5_P6.1.1.1.B
PV23-7851,bzea,PN8_SID680,FALSE,Nobo,Nobo,Zx.0580,Zx.0580_P2_P5_P6.3.1.1.B
PV23-7852,bzea,PN8_SID681,FALSE,Nobo,Nobo,Zx.0580,Zx.0580_P3_P1_P1.2.1.1.B
PV23-7853,bzea,PN8_SID682,FALSE,Nobo,Nobo,Zx.0580,Zx.0580_P3_P1_P2.2.1.1.B
PV23-7854,bzea,PN8_SID683,FALSE,Nobo,Nobo,Zx.0580,Zx.0580_P3_P1_P2.3.1.1.B
PV23-7855,bzea,PN8_SID684,FALSE,Nobo,Nobo,Zx.0580,Zx.0580_P3_P1_P2.4.1.1.B
PV23-7856,bzea,PN8_SID685,FALSE,Nobo,Nobo,Zx.0580,Zx.0580_P3_P1_P3.1.1.1.B
PV23-7857,bzea,PN8_SID686,FALSE,Nobo,Nobo,Zx.0580,Zx.0580_P3_P1_P3.2.1.1.B
PV23-7858,bzea,PN8_SID687,FALSE,Nobo,Nobo,Zx.0580,Zx.0580_P3_P1_P3.3.1.1.B
PV23-7859,bzea,PN8_SID688,FALSE,Nobo,Nobo,Zx.0580,Zx.0580_P3_P1_P3.4.1.1.B
PV23-7860,bzea,PN8_SID689,FALSE,Nobo,Nobo,Zx.0580,Zx.0580_P3_P1_P4.1.1.1.B
PV23-7861,bzea,PN8_SID690,FALSE,Nobo,Nobo,Zx.0580,Zx.0580_P3_P1_P4.2.1.1.B
PV23-7862,bzea,PN8_SID691,FALSE,Nobo,Nobo,Zx.0580,Zx.0580_P3_P1_P4.3.1.1.B
PV23-7863,bzea,PN8_SID692,FALSE,Nobo,Nobo,Zx.0580,Zx.0580_P3_P1_P4.4.1.1.B
PV23-7864,bzea,PN8_SID693,TRUE,B73,B73,NA,NA
PV23-7865,bzea,PN8_SID694,FALSE,Nobo,Nobo,Zx.0580,Zx.0580_P3_P2_P1.3.1.1.B
PV23-7866,bzea,PN8_SID695,FALSE,Nobo,Nobo,Zx.0580,Zx.0580_P3_P2_P1.4.1.1.B
PV23-7867,bzea,PN8_SID696,FALSE,Nobo,Nobo,Zx.0580,Zx.0580_P3_P2_P1.5.1.1.B
PV23-7868,bzea,PN8_SID697,FALSE,Nobo,Nobo,Zx.0580,Zx.0580_P3_P2_P2.3.1.1.B
PV23-7869,bzea,PN8_SID698,FALSE,Nobo,Nobo,Zx.0580,Zx.0580_P3_P2_P2.5.1.1.B
PV23-7870,bzea,PN8_SID699,FALSE,Nobo,Nobo,Zx.0580,Zx.0580_P3_P2_P3.1.1.1.B
PV23-7871,bzea,PN8_SID700,FALSE,Nobo,Nobo,Zx.0580,Zx.0580_P3_P2_P3.2.1.1.B
PV23-7872,bzea,PN8_SID701,FALSE,Nobo,Nobo,Zx.0580,Zx.0580_P3_P2_P3.3.1.1.B
PV23-7873,bzea,PN8_SID702,FALSE,Nobo,Nobo,Zx.0580,Zx.0580_P3_P2_P3.4.1.1.B
PV23-7874,bzea,PN8_SID703,FALSE,Nobo,Nobo,Zx.0580,Zx.0580_P3_P2_P4.1.1.1.B
PV23-7875,bzea,PN8_SID704,FALSE,Nobo,Nobo,Zx.0580,Zx.0580_P3_P2_P4.2.1.1.B
PV23-7876,bzea,PN8_SID705,FALSE,Nobo,Nobo,Zx.0580,Zx.0580_P3_P2_P4.3.1.1.B
PV23-7877,bzea,PN8_SID706,FALSE,Nobo,Nobo,Zx.0580,Zx.0580_P3_P3_P1.1.1.1.B
PV23-7878,bzea,PN8_SID707,FALSE,Nobo,Nobo,Zx.0580,Zx.0580_P3_P3_P1.2.1.1.B
PV23-7879,bzea,PN8_SID708,FALSE,Nobo,Nobo,Zx.0580,Zx.0580_P3_P3_P1.3.1.1.B
PV23-7880,bzea,PN8_SID709,FALSE,Nobo,Nobo,Zx.0580,Zx.0580_P3_P3_P1.4.1.1.B
PV23-7881,bzea,PN8_SID710,FALSE,Nobo,Nobo,Zx.0580,Zx.0580_P3_P3_P2.1.1.1.B
PV23-7882,bzea,PN8_SID711,FALSE,Nobo,Nobo,Zx.0580,Zx.0580_P3_P3_P2.2.1.1.B
PV23-7883,bzea,PN8_SID712,FALSE,Nobo,Nobo,Zx.0580,Zx.0580_P3_P3_P2.3.1.1.B
PV23-7884,bzea,PN8_SID713,FALSE,Nobo,Nobo,Zx.0580,Zx.0580_P3_P3_P2.4.1.1.B
PV23-7885,bzea,PN8_SID714,FALSE,Nobo,Nobo,Zx.0580,Zx.0580_P3_P3_P3.1.1.1.B
PV23-7886,bzea,PN8_SID715,FALSE,Nobo,Nobo,Zx.0580,Zx.0580_P3_P3_P3.2.1.1.B
PV23-7887,bzea,PN8_SID716,FALSE,Nobo,Nobo,Zx.0580,Zx.0580_P3_P3_P3.3.1.1.B
PV23-7888,bzea,PN8_SID717,FALSE,Nobo,Nobo,Zx.0580,Zx.0580_P3_P3_P3.4.1.1.B
PV23-7889,bzea,PN8_SID718,FALSE,Nobo,Nobo,Zx.0580,Zx.0580_P3_P4_P1.1.1.1.B
PV23-7890,bzea,PN8_SID719,FALSE,Nobo,Nobo,Zx.0580,Zx.0580_P3_P4_P1.2.1.1.B
PV23-7891,bzea,PN8_SID720,FALSE,Nobo,Nobo,Zx.0580,Zx.0580_P3_P4_P1.3.1.1.B
PV23-7892,bzea,PN8_SID721,FALSE,Nobo,Nobo,Zx.0580,Zx.0580_P3_P4_P1.5.1.1.B
PV23-7893,bzea,PN8_SID722,FALSE,Nobo,Nobo,Zx.0580,Zx.0580_P3_P5_P1.2.1.1.B
PV23-7894,bzea,PN8_SID723,FALSE,Nobo,Nobo,Zx.0580,Zx.0580_P3_P5_P1.3.1.1.B
PV23-7895,bzea,PN8_SID724,FALSE,Nobo,Nobo,Zx.0580,Zx.0580_P3_P5_P1.4.1.1.B
PV23-7896,bzea,PN8_SID725,FALSE,Nobo,Nobo,Zx.0580,Zx.0580_P3_P5_P2.1.1.1.B
PV23-7897,bzea,PN8_SID726,FALSE,Nobo,Nobo,Zx.0580,Zx.0580_P3_P5_P2.2.1.1.B
PV23-7898,bzea,PN8_SID727,FALSE,Nobo,Nobo,Zx.0580,Zx.0580_P3_P5_P2.4.1.1.B
PV23-7899,bzea,PN8_SID728,FALSE,Nobo,Nobo,Zx.0580,Zx.0580_P3_P5_P3.2.1.1.B
PV23-7900,bzea,PN8_SID729,FALSE,Nobo,Nobo,Zx.0580,Zx.0580_P3_P5_P4.1.1.1.B
PV23-7901,bzea,PN8_SID730,FALSE,Nobo,Nobo,Zx.0580,Zx.0580_P3_P5_P4.2.1.1.B
PV23-7902,bzea,PN8_SID731,FALSE,Nobo,Nobo,Zx.0580,Zx.0580_P3_P5_P4.3.1.1.B
PV23-7903,bzea,PN8_SID732,TRUE,Purple,NA,NA,NA
PV23-7904,bzea,PN8_SID733,FALSE,Nobo,Nobo,Zx.0570,Zx.0570_P2_P1_P1.1.1.1.B
PV23-7905,bzea,PN8_SID734,FALSE,Nobo,Nobo,Zx.0570,Zx.0570_P2_P1_P1.2.1.1.B
PV23-7906,bzea,PN8_SID735,FALSE,Nobo,Nobo,Zx.0570,Zx.0570_P2_P1_P1.3.1.1.B
PV23-7907,bzea,PN8_SID736,FALSE,Nobo,Nobo,Zx.0570,Zx.0570_P2_P1_P1.4.1.1.B
PV23-7908,bzea,PN8_SID737,FALSE,Nobo,Nobo,Zx.0570,Zx.0570_P2_P1_P2.1.1.1.B
PV23-7909,bzea,PN8_SID738,FALSE,Nobo,Nobo,Zx.0570,Zx.0570_P2_P1_P2.2.1.1.B
PV23-7910,bzea,PN8_SID739,TRUE,Purple,NA,NA,NA
PV23-7911,bzea,PN8_SID740,FALSE,Nobo,Nobo,Zx.0570,Zx.0570_P2_P1_P3.1.1.1.B
PV23-7912,bzea,PN8_SID741,FALSE,Nobo,Nobo,Zx.0570,Zx.0570_P2_P1_P3.2.1.1.B
PV23-7913,bzea,PN8_SID742,FALSE,Nobo,Nobo,Zx.0570,Zx.0570_P2_P1_P4.1.1.1.B
PV23-7914,bzea,PN8_SID743,FALSE,Nobo,Nobo,Zx.0570,Zx.0570_P2_P1_P4.2.1.1.B
PV23-7915,bzea,PN8_SID744,FALSE,Nobo,Nobo,Zx.0570,Zx.0570_P2_P2_P1.1.1.1.B
PV23-7916,bzea,PN8_SID745,FALSE,Nobo,Nobo,Zx.0570,Zx.0570_P2_P2_P1.2.1.1.B
PV23-7917,bzea,PN8_SID746,FALSE,Nobo,Nobo,Zx.0570,Zx.0570_P2_P2_P1.3.1.1.B
PV23-7918,bzea,PN8_SID747,FALSE,Nobo,Nobo,Zx.0570,Zx.0570_P2_P2_P1.4.1.1.B
PV23-7919,bzea,PN8_SID748,FALSE,Nobo,Nobo,Zx.0570,Zx.0570_P2_P2_P2.1.1.1.B
PV23-7920,bzea,PN8_SID749,FALSE,Nobo,Nobo,Zx.0570,Zx.0570_P2_P2_P2.2.1.1.B
PV23-7921,bzea,PN8_SID750,FALSE,Nobo,Nobo,Zx.0570,Zx.0570_P2_P2_P2.3.1.1.B
PV23-7922,bzea,PN8_SID751,TRUE,B73,B73,NA,NA
PV23-7923,bzea,PN8_SID752,FALSE,Nobo,Nobo,Zx.0570,Zx.0570_P2_P2_P3.3.1.1.B
PV23-7924,bzea,PN8_SID753,FALSE,Nobo,Nobo,Zx.0570,Zx.0570_P2_P2_P3.4.1.1.B
PV23-7925,bzea,PN8_SID754,FALSE,Nobo,Nobo,Zx.0570,Zx.0570_P2_P2_P4.1.1.1.B
PV23-7926,bzea,PN8_SID755,FALSE,Nobo,Nobo,Zx.0570,Zx.0570_P2_P2_P4.2.1.1.B
PV23-7927,bzea,PN8_SID756,FALSE,Nobo,Nobo,Zx.0570,Zx.0570_P2_P2_P4.3.1.1.B
PV23-7928,bzea,PN8_SID757,FALSE,Nobo,Nobo,Zx.0570,Zx.0570_P2_P2_P4.5.1.1.B
PV23-7929,bzea,PN8_SID758,FALSE,Nobo,Nobo,Zx.0570,Zx.0570_P2_P3_P1.1.1.1.B
PV23-7930,bzea,PN8_SID759,FALSE,Nobo,Nobo,Zx.0570,Zx.0570_P2_P3_P1.2.1.1.B
PV23-7931,bzea,PN8_SID760,FALSE,Nobo,Nobo,Zx.0570,Zx.0570_P2_P3_P1.3.1.1.B
PV23-7932,bzea,PN8_SID761,FALSE,Nobo,Nobo,Zx.0570,Zx.0570_P2_P3_P1.4.1.1.B
PV23-7933,bzea,PN8_SID762,FALSE,Nobo,Nobo,Zx.0570,Zx.0570_P2_P3_P2.2.1.1.B
PV23-7934,bzea,PN8_SID763,FALSE,Nobo,Nobo,Zx.0570,Zx.0570_P2_P3_P2.3.1.1.B
PV23-7935,bzea,PN8_SID764,FALSE,Nobo,Nobo,Zx.0570,Zx.0570_P2_P3_P2.4.1.1.B
PV23-7936,bzea,PN8_SID765,FALSE,Nobo,Nobo,Zx.0570,Zx.0570_P2_P3_P3.1.1.1.B
PV23-7937,bzea,PN8_SID766,FALSE,Nobo,Nobo,Zx.0570,Zx.0570_P2_P3_P3.2.1.1.B
PV23-7938,bzea,PN8_SID767,FALSE,Nobo,Nobo,Zx.0570,Zx.0570_P2_P3_P3.3.1.1.B
PV23-7939,bzea,PN8_SID768,FALSE,Nobo,Nobo,Zx.0570,Zx.0570_P2_P4_P1.1.1.1.B
PV23-7940,bzea,PN9_SID769,FALSE,Nobo,Nobo,Zx.0570,Zx.0570_P2_P4_P1.2.1.1.B
PV23-7941,bzea,PN9_SID770,FALSE,Nobo,Nobo,Zx.0570,Zx.0570_P2_P4_P1.4.1.1.B
PV23-7942,bzea,PN9_SID771,FALSE,Nobo,Nobo,Zx.0570,Zx.0570_P2_P4_P2.1.1.1.B
PV23-7943,bzea,PN9_SID772,FALSE,Nobo,Nobo,Zx.0570,Zx.0570_P2_P4_P2.3.1.1.B
PV23-7944,bzea,PN9_SID773,FALSE,Nobo,Nobo,Zx.0570,Zx.0570_P2_P5_P1.1.1.1.B
PV23-7945,bzea,PN9_SID774,FALSE,Nobo,Nobo,Zx.0570,Zx.0570_P2_P5_P1.2.1.1.B
PV23-7946,bzea,PN9_SID775,FALSE,Nobo,Nobo,Zx.0570,Zx.0570_P2_P5_P2.1.1.1.B
PV23-7947,bzea,PN9_SID776,FALSE,Nobo,Nobo,Zx.0570,Zx.0570_P2_P5_P2.2.1.1.B
PV23-7948,bzea,PN9_SID777,FALSE,Nobo,Nobo,Zx.0570,Zx.0570_P2_P5_P2.3.1.1.B
PV23-7949,bzea,PN9_SID778,FALSE,Nobo,Nobo,Zx.0570,Zx.0570_P2_P5_P2.4.1.1.B
PV23-7950,bzea,PN9_SID779,FALSE,Zlux,Zlux,Zl.0050,Zl.0050_P1_P1_P1.1.1.1.B
PV23-7951,bzea,PN9_SID780,FALSE,Zlux,Zlux,Zl.0050,Zl.0050_P1_P1_P1.2.1.1.B
PV23-7952,bzea,PN9_SID781,FALSE,Zlux,Zlux,Zl.0050,Zl.0050_P1_P1_P1.3.1.1.B
PV23-7953,bzea,PN9_SID782,FALSE,Zlux,Zlux,Zl.0050,Zl.0050_P1_P1_P1.4.1.1.B
PV23-7954,bzea,PN9_SID783,FALSE,Zlux,Zlux,Zl.0050,Zl.0050_P1_P1_P2.1.1.1.B
PV23-7955,bzea,PN9_SID784,FALSE,Zlux,Zlux,Zl.0050,Zl.0050_P1_P1_P2.2.1.1.B
PV23-7956,bzea,PN9_SID785,FALSE,Zlux,Zlux,Zl.0050,Zl.0050_P1_P1_P2.3.1.1.B
PV23-7957,bzea,PN9_SID786,FALSE,Zlux,Zlux,Zl.0050,Zl.0050_P1_P1_P2.4.1.1.B
PV23-7958,bzea,PN9_SID787,FALSE,Zlux,Zlux,Zl.0050,Zl.0050_P1_P1_P3.1.1.1.B
PV23-7959,bzea,PN9_SID788,FALSE,Zlux,Zlux,Zl.0050,Zl.0050_P1_P1_P3.2.1.1.B
PV23-7960,bzea,PN9_SID789,FALSE,Zlux,Zlux,Zl.0050,Zl.0050_P1_P1_P4.1.1.1.B
PV23-7961,bzea,PN9_SID790,FALSE,Zlux,Zlux,Zl.0050,Zl.0050_P1_P1_P4.2.1.1.B
PV23-7962,bzea,PN9_SID791,FALSE,Zlux,Zlux,Zl.0050,Zl.0050_P1_P1_P4.3.1.1.B
PV23-7963,bzea,PN9_SID792,FALSE,Zlux,Zlux,Zl.0050,Zl.0050_P1_P4_P1.1.1.1.B
PV23-7964,bzea,PN9_SID793,FALSE,Zlux,Zlux,Zl.0050,Zl.0050_P1_P4_P2.1.1.1.B
PV23-7965,bzea,PN9_SID794,FALSE,Zlux,Zlux,Zl.0050,Zl.0050_P1_P5_P1.1.1.1.B
PV23-7966,bzea,PN9_SID795,FALSE,Zlux,Zlux,Zl.0050,Zl.0050_P1_P5_P1.2.1.1.B
PV23-7967,bzea,PN9_SID796,FALSE,Zlux,Zlux,Zl.0050,Zl.0050_P1_P5_P1.3.1.1.B
PV23-7968,bzea,PN9_SID797,FALSE,Zlux,Zlux,Zl.0050,Zl.0050_P1_P5_P2.1.1.1.B
PV23-7969,bzea,PN9_SID798,FALSE,Zlux,Zlux,Zl.0050,Zl.0050_P1_P5_P2.3.1.1.B
PV23-7970,bzea,PN9_SID799,FALSE,Zlux,Zlux,Zl.0050,Zl.0050_P1_P5_P2.4.1.1.B
PV23-7971,bzea,PN9_SID800,FALSE,Zlux,Zlux,Zl.0050,Zl.0050_P1_P5_P3.1.1.1.B
PV23-7972,bzea,PN9_SID801,FALSE,Zlux,Zlux,Zl.0050,Zl.0050_P1_P5_P3.2.1.1.B
PV23-7973,bzea,PN9_SID802,FALSE,Zlux,Zlux,Zl.0050,Zl.0050_P1_P5_P3.3.1.1.B
PV23-7974,bzea,PN9_SID803,FALSE,Zlux,Zlux,Zl.0050,Zl.0050_P1_P5_P3.4.1.1.B
PV23-7975,bzea,PN9_SID804,FALSE,Hueh,Hueh,Zh.0020,Zh.0020_P3_P1_P1.1.1.1.B
PV23-7976,bzea,PN9_SID805,FALSE,Hueh,Hueh,Zh.0020,Zh.0020_P3_P1_P1.2.1.1.B
PV23-7977,bzea,PN9_SID806,FALSE,Hueh,Hueh,Zh.0020,Zh.0020_P3_P1_P1.3.1.1.B
PV23-7978,bzea,PN9_SID807,FALSE,Hueh,Hueh,Zh.0020,Zh.0020_P3_P2_P1.1.1.1.B
PV23-7979,bzea,PN9_SID808,FALSE,Hueh,Hueh,Zh.0020,Zh.0020_P3_P2_P1.2.1.1.B
PV23-7980,bzea,PN9_SID809,FALSE,Hueh,Hueh,Zh.0020,Zh.0020_P3_P2_P1.3.1.1.B
PV23-7981,bzea,PN9_SID810,FALSE,Hueh,Hueh,Zh.0020,Zh.0020_P3_P2_P1.4.1.1.B
PV23-7982,bzea,PN9_SID811,FALSE,Hueh,Hueh,Zh.0020,Zh.0020_P3_P2_P2.1.1.1.B
PV23-7983,bzea,PN9_SID812,FALSE,Hueh,Hueh,Zh.0020,Zh.0020_P3_P2_P2.4.1.1.B
PV23-7984,bzea,PN9_SID813,FALSE,Hueh,Hueh,Zh.0020,Zh.0020_P3_P2_P3.1.1.1.B
PV23-7985,bzea,PN9_SID814,FALSE,Hueh,Hueh,Zh.0020,Zh.0020_P3_P2_P3.2.1.1.B
PV23-7986,bzea,PN9_SID815,FALSE,Hueh,Hueh,Zh.0020,Zh.0020_P3_P2_P3.3.1.1.B
PV23-7987,bzea,PN9_SID816,FALSE,Hueh,Hueh,Zh.0020,Zh.0020_P3_P2_P4.1.1.1.B
PV23-7988,bzea,PN9_SID817,FALSE,Hueh,Hueh,Zh.0020,Zh.0020_P3_P2_P4.2.1.1.B
PV23-7989,bzea,PN9_SID818,FALSE,Hueh,Hueh,Zh.0020,Zh.0020_P3_P2_P4.3.1.1.B
PV23-7990,bzea,PN9_SID819,FALSE,Hueh,Hueh,Zh.0020,Zh.0020_P3_P2_P4.4.1.1.B
PV23-7991,bzea,PN9_SID820,FALSE,Hueh,Hueh,Zh.0020,Zh.0020_P3_P3_P1.2.1.1.B
PV23-7992,bzea,PN9_SID821,FALSE,Hueh,Hueh,Zh.0020,Zh.0020_P3_P3_P1.4.1.1.B
PV23-7993,bzea,PN9_SID822,FALSE,Hueh,Hueh,Zh.0020,Zh.0020_P3_P3_P1.5.1.1.B
PV23-7994,bzea,PN9_SID823,FALSE,Hueh,Hueh,Zh.0020,Zh.0020_P3_P4_P1.1.1.1.B
PV23-7995,bzea,PN9_SID824,FALSE,Hueh,Hueh,Zh.0020,Zh.0020_P3_P4_P1.2.1.1.B
PV23-7996,bzea,PN9_SID825,TRUE,Purple,NA,NA,NA
PV23-7997,bzea,PN9_SID826,FALSE,Hueh,Hueh,Zh.0020,Zh.0020_P3_P4_P1.4.1.1.B
PV23-7998,bzea,PN9_SID827,FALSE,Hueh,Hueh,Zh.0020,Zh.0020_P3_P5_P1.1.1.1.B
PV23-7999,bzea,PN9_SID828,FALSE,Hueh,Hueh,Zh.0020,Zh.0020_P3_P5_P1.2.1.1.B
PV23-8000,bzea,PN9_SID829,FALSE,Hueh,Hueh,Zh.0020,Zh.0020_P3_P5_P1.3.1.1.B
PV23-8001,bzea,PN9_SID830,FALSE,Hueh,Hueh,Zh.0020,Zh.0020_P3_P5_P1.4.1.1.B
PV23-8002,bzea,PN9_SID831,FALSE,Hueh,Hueh,Zh.0030,Zh.0030_P4_P1_P1.1.1.1.B
PV23-8003,bzea,PN9_SID832,FALSE,Hueh,Hueh,Zh.0030,Zh.0030_P4_P1_P1.2.1.1.B
PV23-8004,bzea,PN9_SID833,FALSE,Hueh,Hueh,Zh.0030,Zh.0030_P4_P1_P1.3.1.1.B
PV23-8005,bzea,PN9_SID834,FALSE,Hueh,Hueh,Zh.0030,Zh.0030_P4_P1_P2.1.1.1.B
PV23-8006,bzea,PN9_SID835,FALSE,Hueh,Hueh,Zh.0030,Zh.0030_P4_P1_P2.2.1.1.B
PV23-8007,bzea,PN9_SID836,FALSE,Hueh,Hueh,Zh.0030,Zh.0030_P4_P1_P2.3.1.1.B
PV23-8008,bzea,PN9_SID837,FALSE,Hueh,Hueh,Zh.0030,Zh.0030_P4_P1_P2.4.1.1.B
PV23-8009,bzea,PN9_SID838,TRUE,B73,B73,NA,NA
PV23-8010,bzea,PN9_SID839,FALSE,Hueh,Hueh,Zh.0030,Zh.0030_P4_P2_P1.1.1.1.B
PV23-8011,bzea,PN9_SID840,FALSE,Hueh,Hueh,Zh.0030,Zh.0030_P4_P2_P1.2.1.1.B
PV23-8012,bzea,PN9_SID841,FALSE,Hueh,Hueh,Zh.0030,Zh.0030_P4_P2_P1.3.1.1.B
PV23-8013,bzea,PN9_SID842,FALSE,Hueh,Hueh,Zh.0030,Zh.0030_P4_P3_P1.1.1.1.B
PV23-8014,bzea,PN9_SID843,FALSE,Hueh,Hueh,Zh.0030,Zh.0030_P4_P3_P1.3.1.1.B
PV23-8015,bzea,PN9_SID844,FALSE,Hueh,Hueh,Zh.0030,Zh.0030_P4_P3_P1.4.1.1.B
PV23-8016,bzea,PN9_SID845,FALSE,Hueh,Hueh,Zh.0030,Zh.0030_P4_P3_P2.1.1.1.B
PV23-8017,bzea,PN9_SID846,FALSE,Hueh,Hueh,Zh.0030,Zh.0030_P4_P3_P2.2.1.1.B
PV23-8018,bzea,PN9_SID847,FALSE,Hueh,Hueh,Zh.0030,Zh.0030_P4_P3_P2.3.1.1.B
PV23-8019,bzea,PN9_SID848,FALSE,Hueh,Hueh,Zh.0030,Zh.0030_P4_P3_P3.1.1.1.B
PV23-8020,bzea,PN9_SID849,FALSE,Hueh,Hueh,Zh.0030,Zh.0030_P4_P3_P3.2.1.1.B
PV23-8021,bzea,PN9_SID850,FALSE,Hueh,Hueh,Zh.0030,Zh.0030_P4_P3_P3.3.1.1.B
PV23-8022,bzea,PN9_SID851,FALSE,Hueh,Hueh,Zh.0030,Zh.0030_P4_P3_P3.4.1.1.B
PV23-8023,bzea,PN9_SID852,FALSE,Hueh,Hueh,Zh.0030,Zh.0030_P4_P4_P1.1.1.1.B
PV23-8024,bzea,PN9_SID853,FALSE,Hueh,Hueh,Zh.0030,Zh.0030_P4_P4_P1.2.1.1.B
PV23-8025,bzea,PN9_SID854,FALSE,Hueh,Hueh,Zh.0030,Zh.0030_P4_P4_P1.3.1.1.B
PV23-8026,bzea,PN9_SID855,FALSE,Hueh,Hueh,Zh.0030,Zh.0030_P4_P4_P1.4.1.1.B
PV23-8027,bzea,PN9_SID856,FALSE,Hueh,Hueh,Zh.0030,Zh.0030_P4_P4_P2.1.1.1.B
PV23-8028,bzea,PN9_SID857,FALSE,Hueh,Hueh,Zh.0030,Zh.0030_P4_P4_P2.2.1.1.B
PV23-8029,bzea,PN9_SID858,FALSE,Hueh,Hueh,Zh.0030,Zh.0030_P4_P4_P2.3.1.1.B
PV23-8030,bzea,PN9_SID859,FALSE,Hueh,Hueh,Zh.0030,Zh.0030_P4_P4_P2.4.1.1.B
PV23-8031,bzea,PN9_SID860,FALSE,Hueh,Hueh,Zh.0030,Zh.0030_P4_P5_P1.1.1.1.B
PV23-8032,bzea,PN9_SID861,FALSE,Hueh,Hueh,Zh.0030,Zh.0030_P4_P5_P1.2.1.1.B
PV23-8033,bzea,PN9_SID862,FALSE,Hueh,Hueh,Zh.0030,Zh.0030_P4_P5_P1.3.1.1.B
PV23-8034,bzea,PN9_SID863,FALSE,Hueh,Hueh,Zh.0030,Zh.0030_P4_P5_P1.4.1.1.B
PV23-8035,bzea,PN9_SID864,FALSE,Hueh,Hueh,Zh.0030,Zh.0030_P4_P5_P2.1.1.1.B
PV23-8036,bzea,PN10_SID865,FALSE,Hueh,Hueh,Zh.0030,Zh.0030_P4_P5_P2.2.1.1.B
PV23-8037,bzea,PN10_SID866,FALSE,Hueh,Hueh,Zh.0030,Zh.0030_P4_P5_P2.3.1.1.B
PV23-8038,bzea,PN10_SID867,FALSE,Bals,Bals,Zv.0030,Zv.0030_P1_P1_P1.1.1.1.B
PV23-8039,bzea,PN10_SID868,FALSE,Bals,Bals,Zv.0030,Zv.0030_P1_P1_P1.2.1.1.B
PV23-8040,bzea,PN10_SID869,FALSE,Bals,Bals,Zv.0030,Zv.0030_P1_P2_P1.1.1.1.B
PV23-8041,bzea,PN10_SID870,FALSE,Bals,Bals,Zv.0030,Zv.0030_P1_P2_P1.2.1.1.B
PV23-8042,bzea,PN10_SID871,FALSE,Bals,Bals,Zv.0030,Zv.0030_P1_P3_P1.1.1.1.B
PV23-8043,bzea,PN10_SID872,FALSE,Bals,Bals,Zv.0030,Zv.0030_P1_P3_P1.2.1.1.B
PV23-8044,bzea,PN10_SID873,FALSE,Bals,Bals,Zv.0030,Zv.0030_P1_P5_P1.1.1.1.B
PV23-8045,bzea,PN10_SID874,FALSE,Bals,Bals,Zv.0030,Zv.0030_P1_P5_P1.2.1.1.B
PV23-8046,bzea,PN10_SID875,FALSE,Bals,Bals,Zv.0040,Zv.0040_P3_P1_P1.1.1.1.B
PV23-8047,bzea,PN10_SID876,FALSE,Bals,Bals,Zv.0040,Zv.0040_P3_P1_P1.2.1.1.B
PV23-8048,bzea,PN10_SID877,FALSE,Bals,Bals,Zv.0040,Zv.0040_P3_P2_P1.2.1.1.B
PV23-8049,bzea,PN10_SID878,FALSE,Bals,Bals,Zv.0040,Zv.0040_P3_P3_P1.1.1.1.B
PV23-8050,bzea,PN10_SID879,FALSE,Bals,Bals,Zv.0040,Zv.0040_P3_P3_P1.2.1.1.B
PV23-8051,bzea,PN10_SID880,FALSE,Bals,Bals,Zv.0040,Zv.0040_P3_P4_P1.1.1.1.B
PV23-8052,bzea,PN10_SID881,FALSE,Bals,Bals,Zv.0040,Zv.0040_P3_P5_P1.1.1.1.B
PV23-8053,bzea,PN10_SID882,FALSE,Bals,Bals,Zv.0040,Zv.0040_P3_P5_P1.2.1.1.B
PV23-8054,bzea,PN10_SID883,FALSE,Bals,Bals,Zv.0430,Zv.0430_P3_P1_P1.1.1.1.B
PV23-8055,bzea,PN10_SID884,FALSE,Bals,Bals,Zv.0430,Zv.0430_P3_P1_P1.2.1.1.B
PV23-8056,bzea,PN10_SID885,FALSE,Bals,Bals,Zv.0430,Zv.0430_P3_P2_P1.1.1.1.B
PV23-8057,bzea,PN10_SID886,FALSE,Bals,Bals,Zv.0430,Zv.0430_P3_P2_P1.2.1.1.B
PV23-8058,bzea,PN10_SID887,FALSE,Bals,Bals,Zv.0430,Zv.0430_P3_P3_P1.1.1.1.B
PV23-8059,bzea,PN10_SID888,FALSE,Bals,Bals,Zv.0430,Zv.0430_P3_P3_P1.2.1.1.B
PV23-8060,bzea,PN10_SID889,FALSE,Bals,Bals,Zv.0430,Zv.0430_P3_P4_P1.2.1.1.B
PV23-8061,bzea,PN10_SID890,FALSE,Bals,Bals,Zv.0430,Zv.0430_P3_P4_P1.3.1.1.B
PV23-8062,bzea,PN10_SID891,FALSE,Bals,Bals,Zv.0430,Zv.0430_P3_P5_P1.1.1.1.B
PV23-8063,bzea,PN10_SID892,FALSE,Bals,Bals,Zv.0440,Zv.0440_P4_P2_P1.1.1.1.B
PV23-8064,bzea,PN10_SID893,TRUE,B73,B73,NA,NA
PV23-8065,bzea,PN10_SID894,FALSE,Bals,Bals,Zv.0440,Zv.0440_P4_P3_P1.2.1.1.B
PV23-8066,bzea,PN10_SID895,FALSE,Bals,Bals,Zv.0440,Zv.0440_P4_P4_P1.1.1.1.B
PV23-8067,bzea,PN10_SID896,FALSE,Bals,Bals,Zv.0440,Zv.0440_P4_P5_P1.1.1.1.B
PV23-8068,bzea,PN10_SID897,FALSE,Zlux,Zlux,Zl.0010,Zl.0010_P1_P1_P1.1.1.1.B
PV23-8069,bzea,PN10_SID898,FALSE,Zlux,Zlux,Zl.0010,Zl.0010_P1_P1_P1.2.1.1.B
PV23-8070,bzea,PN10_SID899,FALSE,Zlux,Zlux,Zl.0010,Zl.0010_P1_P1_P1.3.1.1.B
PV23-8071,bzea,PN10_SID900,FALSE,Zlux,Zlux,Zl.0010,Zl.0010_P1_P2_P1.1.1.1.B
PV23-8072,bzea,PN10_SID901,FALSE,Zlux,Zlux,Zl.0010,Zl.0010_P1_P2_P1.2.1.1.B
PV23-8073,bzea,PN10_SID902,FALSE,Zlux,Zlux,Zl.0010,Zl.0010_P1_P2_P1.3.1.1.B
PV23-8074,bzea,PN10_SID903,FALSE,Zlux,Zlux,Zl.0010,Zl.0010_P1_P2_P1.4.1.1.B
PV23-8075,bzea,PN10_SID904,FALSE,Zlux,Zlux,Zl.0010,Zl.0010_P1_P2_P2.3.1.1.B
PV23-8076,bzea,PN10_SID905,FALSE,Zlux,Zlux,Zl.0010,Zl.0010_P1_P2_P2.4.1.1.B
PV23-8077,bzea,PN10_SID906,FALSE,Zlux,Zlux,Zl.0010,Zl.0010_P1_P2_P3.2.1.1.B
PV23-8078,bzea,PN10_SID907,FALSE,Zlux,Zlux,Zl.0010,Zl.0010_P1_P2_P3.3.1.1.B
PV23-8079,bzea,PN10_SID908,FALSE,Zlux,Zlux,Zl.0010,Zl.0010_P1_P2_P3.5.1.1.B
PV23-8080,bzea,PN10_SID909,FALSE,Zlux,Zlux,Zl.0010,Zl.0010_P1_P3_P1.1.1.1.B
PV23-8081,bzea,PN10_SID910,FALSE,Zlux,Zlux,Zl.0010,Zl.0010_P1_P3_P1.3.1.1.B
PV23-8082,bzea,PN10_SID911,FALSE,Zlux,Zlux,Zl.0010,Zl.0010_P1_P3_P1.5.1.1.B
PV23-8083,bzea,PN10_SID912,FALSE,Zlux,Zlux,Zl.0010,Zl.0010_P1_P4_P1.4.1.1.B
PV23-8084,bzea,PN10_SID913,FALSE,Zlux,Zlux,Zl.0010,Zl.0010_P1_P4_P1.5.1.1.B
PV23-8085,bzea,PN10_SID914,FALSE,Zlux,Zlux,Zl.0020,Zl.0020_P3_P1_P1.1.1.1.B
PV23-8086,bzea,PN10_SID915,FALSE,Zlux,Zlux,Zl.0020,Zl.0020_P3_P1_P1.2.1.1.B
PV23-8087,bzea,PN10_SID916,FALSE,Zlux,Zlux,Zl.0020,Zl.0020_P3_P1_P1.3.1.1.B
PV23-8088,bzea,PN10_SID917,FALSE,Zlux,Zlux,Zl.0020,Zl.0020_P3_P1_P1.4.1.1.B
PV23-8089,bzea,PN10_SID918,FALSE,Zlux,Zlux,Zl.0020,Zl.0020_P3_P1_P2.1.1.1.B
PV23-8090,bzea,PN10_SID919,FALSE,Zlux,Zlux,Zl.0020,Zl.0020_P3_P1_P2.2.1.1.B
PV23-8091,bzea,PN10_SID920,FALSE,Zlux,Zlux,Zl.0020,Zl.0020_P3_P1_P2.3.1.1.B
PV23-8092,bzea,PN10_SID921,FALSE,Zlux,Zlux,Zl.0020,Zl.0020_P3_P1_P2.4.1.1.B
PV23-8093,bzea,PN10_SID922,FALSE,Zlux,Zlux,Zl.0020,Zl.0020_P3_P1_P3.1.1.1.B
PV23-8094,bzea,PN10_SID923,FALSE,Zlux,Zlux,Zl.0020,Zl.0020_P3_P1_P3.2.1.1.B
PV23-8095,bzea,PN10_SID924,FALSE,Zlux,Zlux,Zl.0020,Zl.0020_P3_P1_P3.3.1.1.B
PV23-8096,bzea,PN10_SID925,FALSE,Zlux,Zlux,Zl.0020,Zl.0020_P3_P1_P3.4.1.1.B
PV23-8097,bzea,PN10_SID926,FALSE,Zlux,Zlux,Zl.0020,Zl.0020_P3_P1_P4.3.1.1.B
PV23-8098,bzea,PN10_SID927,FALSE,Zlux,Zlux,Zl.0020,Zl.0020_P3_P1_P4.5.1.1.B
PV23-8099,bzea,PN10_SID928,FALSE,Zlux,Zlux,Zl.0020,Zl.0020_P3_P2_P1.1.1.1.B
PV23-8100,bzea,PN10_SID929,FALSE,Zlux,Zlux,Zl.0020,Zl.0020_P3_P2_P1.2.1.1.B
PV23-8101,bzea,PN10_SID930,FALSE,Zlux,Zlux,Zl.0020,Zl.0020_P3_P2_P1.3.1.1.B
PV23-8102,bzea,PN10_SID931,FALSE,Zlux,Zlux,Zl.0020,Zl.0020_P3_P2_P1.4.1.1.B
PV23-8103,bzea,PN10_SID932,FALSE,Zlux,Zlux,Zl.0020,Zl.0020_P3_P3_P1.3.1.1.B
PV23-8104,bzea,PN10_SID933,FALSE,Zlux,Zlux,Zl.0020,Zl.0020_P3_P3_P1.4.1.1.B
PV23-8105,bzea,PN10_SID934,FALSE,Zlux,Zlux,Zl.0020,Zl.0020_P3_P3_P1.5.1.1.B
PV23-8106,bzea,PN10_SID935,FALSE,Zlux,Zlux,Zl.0020,Zl.0020_P3_P3_P2.1.1.1.B
PV23-8107,bzea,PN10_SID936,FALSE,Zlux,Zlux,Zl.0020,Zl.0020_P3_P3_P2.2.1.1.B
PV23-8108,bzea,PN10_SID937,FALSE,Zlux,Zlux,Zl.0020,Zl.0020_P3_P3_P2.3.1.1.B
PV23-8109,bzea,PN10_SID938,FALSE,Zlux,Zlux,Zl.0020,Zl.0020_P3_P3_P2.4.1.1.B
PV23-8110,bzea,PN10_SID939,FALSE,Zlux,Zlux,Zl.0020,Zl.0020_P3_P4_P1.1.1.1.B
PV23-8111,bzea,PN10_SID940,FALSE,Zlux,Zlux,Zl.0020,Zl.0020_P3_P4_P2.1.1.1.B
PV23-8112,bzea,PN10_SID941,FALSE,Zlux,Zlux,Zl.0020,Zl.0020_P3_P4_P2.2.1.1.B
PV23-8113,bzea,PN10_SID942,FALSE,Zlux,Zlux,Zl.0020,Zl.0020_P3_P4_P2.3.1.1.B
PV23-8114,bzea,PN10_SID943,FALSE,Zlux,Zlux,Zl.0020,Zl.0020_P3_P4_P2.4.1.1.B
PV23-8115,bzea,PN10_SID944,FALSE,Zlux,Zlux,Zl.0020,Zl.0020_P3_P4_P3.2.1.1.B
PV23-8116,bzea,PN10_SID945,FALSE,Zlux,Zlux,Zl.0020,Zl.0020_P3_P4_P3.4.1.1.B
PV23-8117,bzea,PN10_SID946,FALSE,Zlux,Zlux,Zl.0020,Zl.0020_P3_P4_P3.5.1.1.B
PV23-8118,bzea,PN10_SID947,FALSE,Zlux,Zlux,Zl.0020,Zl.0020_P3_P5_P1.2.1.1.B
PV23-8119,bzea,PN10_SID948,FALSE,Zlux,Zlux,Zl.0020,Zl.0020_P3_P5_P1.4.1.1.B
PV23-8120,bzea,PN10_SID949,FALSE,Zlux,Zlux,Zl.0020,Zl.0020_P3_P5_P2.1.1.1.B
PV23-8121,bzea,PN10_SID950,FALSE,Zlux,Zlux,Zl.0020,Zl.0020_P3_P5_P2.3.1.1.B
PV23-8122,bzea,PN10_SID951,FALSE,Zlux,Zlux,Zl.0020,Zl.0020_P3_P5_P2.4.1.1.B
PV23-8123,bzea,PN10_SID952,FALSE,Zlux,Zlux,Zl.0040,Zl.0040_P4_P1_P1.1.1.1.B
PV23-8124,bzea,PN10_SID953,FALSE,Zlux,Zlux,Zl.0040,Zl.0040_P4_P1_P1.2.1.1.B
PV23-8125,bzea,PN10_SID954,FALSE,Zlux,Zlux,Zl.0040,Zl.0040_P4_P1_P1.4.1.1.B
PV23-8126,bzea,PN10_SID955,FALSE,Zlux,Zlux,Zl.0040,Zl.0040_P4_P1_P2.1.1.1.B
PV23-8127,bzea,PN10_SID956,FALSE,Zlux,Zlux,Zl.0040,Zl.0040_P4_P1_P2.2.1.1.B
PV23-8128,bzea,PN10_SID957,FALSE,Zlux,Zlux,Zl.0040,Zl.0040_P4_P1_P2.3.1.1.B
PV23-8129,bzea,PN10_SID958,FALSE,Zlux,Zlux,Zl.0040,Zl.0040_P4_P2_P1.5.1.1.B
PV23-8130,bzea,PN10_SID959,FALSE,Zlux,Zlux,Zl.0040,Zl.0040_P4_P3_P1.1.1.1.B
PV23-8131,bzea,PN10_SID960,FALSE,Zlux,Zlux,Zl.0040,Zl.0040_P4_P3_P1.2.1.1.B
PV23-8132,bzea,PN11_SID961,FALSE,Zlux,Zlux,Zl.0040,Zl.0040_P4_P3_P1.3.1.1.B
PV23-8133,bzea,PN11_SID962,FALSE,Zlux,Zlux,Zl.0040,Zl.0040_P4_P3_P1.5.1.1.B
PV23-8134,bzea,PN11_SID963,FALSE,Zlux,Zlux,Zl.0040,Zl.0040_P4_P3_P2.2.1.1.B
PV23-8135,bzea,PN11_SID964,FALSE,Zlux,Zlux,Zl.0040,Zl.0040_P4_P3_P2.4.1.1.B
PV23-8136,bzea,PN11_SID965,FALSE,Zlux,Zlux,Zl.0040,Zl.0040_P4_P3_P2.5.1.1.B
PV23-8137,bzea,PN11_SID966,FALSE,Zlux,Zlux,Zl.0040,Zl.0040_P4_P3_P3.2.1.1.B
PV23-8138,bzea,PN11_SID967,FALSE,Zlux,Zlux,Zl.0040,Zl.0040_P4_P3_P3.4.1.1.B
PV23-8139,bzea,PN11_SID968,FALSE,Zlux,Zlux,Zl.0040,Zl.0040_P4_P3_P4.1.1.1.B
PV23-8140,bzea,PN11_SID969,FALSE,Zlux,Zlux,Zl.0040,Zl.0040_P4_P3_P4.2.1.1.B
PV23-8141,bzea,PN11_SID970,FALSE,Zlux,Zlux,Zl.0040,Zl.0040_P4_P3_P4.3.1.1.B
PV23-8142,bzea,PN11_SID971,FALSE,Zlux,Zlux,Zl.0040,Zl.0040_P4_P4_P1.1.1.1.B
PV23-8143,bzea,PN11_SID972,FALSE,Zlux,Zlux,Zl.0040,Zl.0040_P4_P4_P1.2.1.1.B
PV23-8144,bzea,PN11_SID973,FALSE,Zlux,Zlux,Zl.0040,Zl.0040_P4_P4_P1.3.1.1.B
PV23-8145,bzea,PN11_SID974,FALSE,Zlux,Zlux,Zl.0040,Zl.0040_P4_P4_P1.4.1.1.B
PV23-8146,bzea,PN11_SID975,FALSE,Zlux,Zlux,Zl.0040,Zl.0040_P4_P4_P2.2.1.1.B
PV23-8147,bzea,PN11_SID976,FALSE,Zlux,Zlux,Zl.0040,Zl.0040_P4_P4_P2.3.1.1.B
PV23-8148,bzea,PN11_SID977,FALSE,Zlux,Zlux,Zl.0040,Zl.0040_P4_P4_P2.4.1.1.B
PV23-8149,bzea,PN11_SID978,FALSE,Zlux,Zlux,Zl.0040,Zl.0040_P4_P5_P1.1.1.1.B
PV23-8150,bzea,PN11_SID979,FALSE,Zlux,Zlux,Zl.0040,Zl.0040_P4_P5_P1.3.1.1.B
PV23-8151,bzea,PN11_SID980,FALSE,Zlux,Zlux,Zl.0040,Zl.0040_P4_P5_P1.5.1.1.B
PV23-8152,bzea,PN11_SID981,FALSE,Zlux,Zlux,Zl.0040,Zl.0040_P4_P5_P2.1.1.1.B
PV23-8153,bzea,PN11_SID982,FALSE,Zlux,Zlux,Zl.0040,Zl.0040_P4_P5_P2.4.1.1.B
PV23-8154,bzea,PN11_SID983,FALSE,Zlux,Zlux,Zl.0030,Zl.0030_P2_P1_P1.1.1.1.B
PV23-8155,bzea,PN11_SID984,FALSE,Zlux,Zlux,Zl.0030,Zl.0030_P2_P1_P1.3.1.1.B
PV23-8156,bzea,PN11_SID985,FALSE,Zlux,Zlux,Zl.0030,Zl.0030_P2_P1_P1.4.1.1.B
PV23-8157,bzea,PN11_SID986,FALSE,Zlux,Zlux,Zl.0030,Zl.0030_P2_P2_P1.1.1.1.B
PV23-8158,bzea,PN11_SID987,FALSE,Zlux,Zlux,Zl.0030,Zl.0030_P2_P2_P1.2.1.1.B
PV23-8159,bzea,PN11_SID988,FALSE,Zlux,Zlux,Zl.0030,Zl.0030_P2_P2_P1.3.1.1.B
PV23-8160,bzea,PN11_SID989,FALSE,Zlux,Zlux,Zl.0030,Zl.0030_P2_P3_P1.1.1.1.B
PV23-8161,bzea,PN11_SID990,FALSE,Zlux,Zlux,Zl.0030,Zl.0030_P2_P4_P1.1.1.1.B
PV23-8162,bzea,PN11_SID991,FALSE,Zlux,Zlux,Zl.0030,Zl.0030_P2_P4_P1.2.1.1.B
PV23-8163,bzea,PN11_SID992,FALSE,Zlux,Zlux,Zl.0030,Zl.0030_P2_P4_P1.3.1.1.B
PV23-8164,bzea,PN11_SID993,FALSE,Bals,Bals,Zv.0050,Zv.0050_P1_P1_P1.1.1.1.B
PV23-8165,bzea,PN11_SID994,FALSE,Bals,Bals,Zv.0050,Zv.0050_P1_P1_P1.2.1.1.B
PV23-8166,bzea,PN11_SID995,FALSE,Bals,Bals,Zv.0050,Zv.0050_P1_P2_P1.1.1.1.B
PV23-8167,bzea,PN11_SID996,FALSE,Bals,Bals,Zv.0050,Zv.0050_P1_P2_P1.2.1.1.B
PV23-8168,bzea,PN11_SID997,FALSE,Bals,Bals,Zv.0050,Zv.0050_P1_P3_P1.1.1.1.B
PV23-8169,bzea,PN11_SID998,FALSE,Bals,Bals,Zv.0050,Zv.0050_P1_P4_P1.2.1.1.B
PV23-8170,bzea,PN11_SID999,FALSE,Bals,Bals,Zv.0050,Zv.0050_P1_P5_P1.1.1.1.B
PV23-8171,bzea,PN11_SID1000,FALSE,Bals,Bals,Zv.0050,Zv.0050_P1_P5_P1.2.1.1.B
PV23-8172,bzea,PN11_SID1001,FALSE,Bals,Bals,Zv.0060,Zv.0060_P4_P2_P1.1.1.1.B
PV23-8173,bzea,PN11_SID1002,FALSE,Bals,Bals,Zv.0060,Zv.0060_P4_P2_P1.2.1.1.B
PV23-8174,bzea,PN11_SID1003,FALSE,Bals,Bals,Zv.0060,Zv.0060_P4_P3_P1.2.1.1.B
PV23-8175,bzea,PN11_SID1004,FALSE,Bals,Bals,Zv.0060,Zv.0060_P4_P4_P1.2.1.1.B
PV23-8176,bzea,PN11_SID1005,FALSE,Bals,Bals,Zv.0060,Zv.0060_P4_P5_P1.1.1.1.B
PV23-8177,bzea,PN11_SID1006,FALSE,Bals,Bals,Zv.0060,Zv.0060_P4_P5_P1.2.1.1.B
PV23-8178,bzea,PN11_SID1007,FALSE,Bals,Bals,Zv.0340,Zv.0340_P1_P1_P1.1.1.1.B
PV23-8179,bzea,PN11_SID1008,FALSE,Bals,Bals,Zv.0340,Zv.0340_P1_P1_P1.2.1.1.B
PV23-8180,bzea,PN11_SID1009,FALSE,Bals,Bals,Zv.0340,Zv.0340_P1_P2_P1.1.1.1.B
PV23-8181,bzea,PN11_SID1010,FALSE,Bals,Bals,Zv.0340,Zv.0340_P1_P2_P1.2.1.1.B
PV23-8182,bzea,PN11_SID1011,FALSE,Bals,Bals,Zv.0340,Zv.0340_P1_P3_P1.2.1.1.B
PV23-8183,bzea,PN11_SID1012,FALSE,Bals,Bals,Zv.0340,Zv.0340_P1_P4_P1.1.1.1.B
PV23-8184,bzea,PN11_SID1013,FALSE,Bals,Bals,Zv.0340,Zv.0340_P1_P4_P1.2.1.1.B
PV23-8185,bzea,PN11_SID1014,FALSE,Bals,Bals,Zv.0340,Zv.0340_P1_P5_P1.1.1.1.B
PV23-8186,bzea,PN11_SID1015,FALSE,Bals,Bals,Zv.0340,Zv.0340_P2_P2_P1.1.1.1.B
PV23-8187,bzea,PN11_SID1016,FALSE,Bals,Bals,Zv.0340,Zv.0340_P2_P3_P1.1.1.1.B
PV23-8188,bzea,PN11_SID1017,FALSE,Bals,Bals,Zv.0340,Zv.0340_P2_P3_P1.2.1.1.B
PV23-8189,bzea,PN11_SID1018,FALSE,Bals,Bals,Zv.0340,Zv.0340_P2_P4_P1.1.1.1.B
PV23-8190,bzea,PN11_SID1019,FALSE,Bals,Bals,Zv.0340,Zv.0340_P2_P4_P1.2.1.1.B
PV23-8191,bzea,PN11_SID1020,FALSE,Bals,Bals,Zv.0340,Zv.0340_P2_P5_P1.1.1.1.B
PV23-8192,bzea,PN11_SID1021,FALSE,Bals,Bals,Zv.0010,Zv.0010_P3_P1_P1.1.1.1.B
PV23-8193,bzea,PN11_SID1022,FALSE,Bals,Bals,Zv.0010,Zv.0010_P3_P1_P1.2.1.1.B
PV23-8194,bzea,PN11_SID1023,FALSE,Bals,Bals,Zv.0010,Zv.0010_P3_P3_P1.1.1.1.B
PV23-8195,bzea,PN11_SID1024,FALSE,Bals,Bals,Zv.0010,Zv.0010_P3_P3_P1.2.1.1.B
PV23-8196,bzea,PN11_SID1025,FALSE,Bals,Bals,Zv.0010,Zv.0010_P3_P4_P1.1.1.1.B
PV23-8197,bzea,PN11_SID1026,FALSE,Bals,Bals,Zv.0010,Zv.0010_P3_P4_P1.2.1.1.B
PV23-8198,bzea,PN11_SID1027,FALSE,Bals,Bals,Zv.0010,Zv.0010_P3_P5_P1.2.1.1.B
PV23-8199,bzea,PN11_SID1028,FALSE,Bals,Bals,Zv.0160,Zv.0160_P4_P1_P1.1.1.1.B
PV23-8200,bzea,PN11_SID1029,FALSE,Bals,Bals,Zv.0160,Zv.0160_P4_P1_P1.2.1.1.B
PV23-8201,bzea,PN11_SID1030,FALSE,Bals,Bals,Zv.0160,Zv.0160_P4_P2_P1.1.1.1.B
PV23-8202,bzea,PN11_SID1031,FALSE,Bals,Bals,Zv.0160,Zv.0160_P4_P3_P1.2.1.1.B
PV23-8203,bzea,PN11_SID1032,FALSE,Bals,Bals,Zv.0160,Zv.0160_P4_P4_P1.1.1.1.B
PV23-8204,bzea,PN11_SID1033,FALSE,Bals,Bals,Zv.0160,Zv.0160_P4_P4_P1.2.1.1.B
PV23-8205,bzea,PN11_SID1034,FALSE,Bals,Bals,Zv.0160,Zv.0160_P4_P5_P1.1.1.1.B
PV23-8206,bzea,PN11_SID1035,FALSE,Bals,Bals,Zv.0160,Zv.0160_P4_P5_P1.2.1.1.B
PV23-8207,bzea,PN11_SID1036,FALSE,Bals,Bals,Zv.0190,Zv.0190_P3_P1_P1.1.1.1.B
PV23-8208,bzea,PN11_SID1037,FALSE,Bals,Bals,Zv.0190,Zv.0190_P3_P1_P1.2.1.1.B
PV23-8209,bzea,PN11_SID1038,FALSE,Bals,Bals,Zv.0190,Zv.0190_P3_P2_P1.1.1.1.B
PV23-8210,bzea,PN11_SID1039,FALSE,Bals,Bals,Zv.0190,Zv.0190_P3_P2_P1.2.1.1.B
PV23-8211,bzea,PN11_SID1040,FALSE,Bals,Bals,Zv.0190,Zv.0190_P3_P4_P1.1.1.1.B
PV23-8212,bzea,PN11_SID1041,FALSE,Bals,Bals,Zv.0190,Zv.0190_P3_P5_P1.2.1.1.B
PV23-8213,bzea,PN11_SID1042,FALSE,Bals,Bals,Zv.0370,Zv.0370_P3_P1_P1.1.1.1.B
PV23-8214,bzea,PN11_SID1043,FALSE,Bals,Bals,Zv.0370,Zv.0370_P3_P1_P1.2.1.1.B
PV23-8215,bzea,PN11_SID1044,FALSE,Bals,Bals,Zv.0370,Zv.0370_P3_P1_P2.1.1.1.B
PV23-8216,bzea,PN11_SID1045,FALSE,Bals,Bals,Zv.0370,Zv.0370_P3_P2_P1.1.1.1.B
PV23-8217,bzea,PN11_SID1046,FALSE,Bals,Bals,Zv.0370,Zv.0370_P3_P2_P1.2.1.1.B
PV23-8218,bzea,PN11_SID1047,FALSE,Bals,Bals,Zv.0370,Zv.0370_P3_P2_P2.1.1.1.B
PV23-8219,bzea,PN11_SID1048,FALSE,Bals,Bals,Zv.0370,Zv.0370_P3_P2_P2.2.1.1.B
PV23-8220,bzea,PN11_SID1049,FALSE,Bals,Bals,Zv.0370,Zv.0370_P3_P3_P1.1.1.1.B
PV23-8221,bzea,PN11_SID1050,FALSE,Bals,Bals,Zv.0370,Zv.0370_P3_P3_P1.3.1.1.B
PV23-8222,bzea,PN11_SID1051,FALSE,Bals,Bals,Zv.0370,Zv.0370_P3_P3_P2.1.1.1.B
PV23-8223,bzea,PN11_SID1052,FALSE,Bals,Bals,Zv.0370,Zv.0370_P3_P4_P1.1.1.1.B
PV23-8224,bzea,PN11_SID1053,FALSE,Bals,Bals,Zv.0370,Zv.0370_P3_P4_P1.2.1.1.B
PV23-8225,bzea,PN11_SID1054,FALSE,Bals,Bals,Zv.0070,Zv.0070_P4_P1_P1.1.1.1.B
PV23-8226,bzea,PN11_SID1055,FALSE,Bals,Bals,Zv.0070,Zv.0070_P4_P1_P1.2.1.1.B
PV23-8227,bzea,PN11_SID1056,FALSE,Bals,Bals,Zv.0070,Zv.0070_P4_P2_P1.1.1.1.B
PV23-8228,bzea,PN12_SID1057,FALSE,Bals,Bals,Zv.0070,Zv.0070_P4_P2_P1.2.1.1.B
PV23-8229,bzea,PN12_SID1058,FALSE,Bals,Bals,Zv.0070,Zv.0070_P4_P2_P2.1.1.1.B
PV23-8230,bzea,PN12_SID1059,FALSE,Bals,Bals,Zv.0070,Zv.0070_P4_P4_P1.1.1.1.B
PV23-8231,bzea,PN12_SID1060,FALSE,Bals,Bals,Zv.0070,Zv.0070_P4_P4_P1.2.1.1.B
PV23-8232,bzea,PN12_SID1061,FALSE,Bals,Bals,Zv.0070,Zv.0070_P4_P4_P2.1.1.1.B
PV23-8233,bzea,PN12_SID1062,FALSE,Bals,Bals,Zv.0070,Zv.0070_P4_P5_P1.1.1.1.B
PV23-8234,bzea,PN12_SID1063,FALSE,Bals,Bals,Zv.0070,Zv.0070_P4_P5_P1.2.1.1.B
PV23-8235,bzea,PN12_SID1064,FALSE,Bals,Bals,Zv.0070,Zv.0070_P4_P5_P2.1.1.1.B
PV23-8236,bzea,PN12_SID1065,FALSE,Bals,Bals,Zv.0420,Zv.0420_P3_P1_P1.1.1.1.B
PV23-8237,bzea,PN12_SID1066,FALSE,Bals,Bals,Zv.0420,Zv.0420_P3_P1_P1.3.1.1.B
PV23-8238,bzea,PN12_SID1067,FALSE,Bals,Bals,Zv.0420,Zv.0420_P3_P1_P2.2.1.1.B
PV23-8239,bzea,PN12_SID1068,FALSE,Bals,Bals,Zv.0420,Zv.0420_P3_P2_P1.1.1.1.B
PV23-8240,bzea,PN12_SID1069,FALSE,Bals,Bals,Zv.0420,Zv.0420_P3_P2_P1.2.1.1.B
PV23-8241,bzea,PN12_SID1070,FALSE,Bals,Bals,Zv.0420,Zv.0420_P3_P2_P2.1.1.1.B
PV23-8242,bzea,PN12_SID1071,FALSE,Bals,Bals,Zv.0420,Zv.0420_P3_P2_P2.2.1.1.B
PV23-8243,bzea,PN12_SID1072,FALSE,Bals,Bals,Zv.0420,Zv.0420_P3_P3_P1.1.1.1.B
PV23-8244,bzea,PN12_SID1073,FALSE,Bals,Bals,Zv.0420,Zv.0420_P3_P3_P1.2.1.1.B
PV23-8245,bzea,PN12_SID1074,FALSE,Bals,Bals,Zv.0420,Zv.0420_P3_P3_P2.1.1.1.B
PV23-8246,bzea,PN12_SID1075,FALSE,Bals,Bals,Zv.0420,Zv.0420_P3_P3_P2.2.1.1.B
PV23-8247,bzea,PN12_SID1076,FALSE,Bals,Bals,Zv.0420,Zv.0420_P3_P4_P1.2.1.1.B
PV23-8248,bzea,PN12_SID1077,FALSE,Bals,Bals,Zv.0420,Zv.0420_P3_P4_P2.1.1.1.B
PV23-8249,bzea,PN12_SID1078,FALSE,Bals,Bals,Zv.0420,Zv.0420_P3_P4_P2.2.1.1.B
PV23-8250,bzea,PN12_SID1079,FALSE,Bals,Bals,Zv.0410,Zv.0410_P2_P1_P1.1.1.1.B
PV23-8251,bzea,PN12_SID1080,FALSE,Bals,Bals,Zv.0410,Zv.0410_P2_P1_P1.2.1.1.B
PV23-8252,bzea,PN12_SID1081,FALSE,Bals,Bals,Zv.0410,Zv.0410_P2_P1_P2.2.1.1.B
PV23-8253,bzea,PN12_SID1082,FALSE,Bals,Bals,Zv.0410,Zv.0410_P2_P3_P1.1.1.1.B
PV23-8254,bzea,PN12_SID1083,FALSE,Bals,Bals,Zv.0410,Zv.0410_P2_P3_P1.3.1.1.B
PV23-8255,bzea,PN12_SID1084,FALSE,Bals,Bals,Zv.0410,Zv.0410_P2_P3_P2.1.1.1.B
PV23-8256,bzea,PN12_SID1085,FALSE,Bals,Bals,Zv.0410,Zv.0410_P2_P3_P2.2.1.1.B
PV23-8257,bzea,PN12_SID1086,FALSE,Bals,Bals,Zv.0410,Zv.0410_P2_P4_P1.2.1.1.B
PV23-8258,bzea,PN12_SID1087,FALSE,Bals,Bals,Zv.0410,Zv.0410_P2_P4_P2.1.1.1.B
PV23-8259,bzea,PN12_SID1088,FALSE,Bals,Bals,Zv.0410,Zv.0410_P2_P4_P2.2.1.1.B
PV23-8260,bzea,PN12_SID1089,FALSE,Bals,Bals,Zv.0410,Zv.0410_P2_P5_P1.1.1.1.B
PV23-8261,bzea,PN12_SID1090,FALSE,Bals,Bals,Zv.0410,Zv.0410_P2_P5_P1.2.1.1.B
PV23-8262,bzea,PN12_SID1091,FALSE,Bals,Bals,Zv.0200,Zv.0200_P3_P2_P1.1.1.1.B
PV23-8263,bzea,PN12_SID1092,FALSE,Bals,Bals,Zv.0200,Zv.0200_P3_P2_P2.2.1.1.B
PV23-8264,bzea,PN12_SID1093,FALSE,Bals,Bals,Zv.0200,Zv.0200_P3_P4_P1.1.1.1.B
PV23-8265,bzea,PN12_SID1094,FALSE,Bals,Bals,Zv.0200,Zv.0200_P3_P4_P1.2.1.1.B
PV23-8266,bzea,PN12_SID1095,FALSE,Bals,Bals,Zv.0200,Zv.0200_P3_P4_P2.1.1.1.B
PV23-8267,bzea,PN12_SID1096,FALSE,Bals,Bals,Zv.0200,Zv.0200_P3_P5_P1.1.1.1.B
PV23-8268,bzea,PN12_SID1097,FALSE,Bals,Bals,Zv.0080,Zv.0080_P2_P1_P1.1.1.1.B
PV23-8269,bzea,PN12_SID1098,FALSE,Bals,Bals,Zv.0080,Zv.0080_P2_P1_P1.2.1.1.B
PV23-8270,bzea,PN12_SID1099,FALSE,Bals,Bals,Zv.0080,Zv.0080_P2_P1_P2.1.1.1.B
PV23-8271,bzea,PN12_SID1100,FALSE,Bals,Bals,Zv.0080,Zv.0080_P2_P1_P2.2.1.1.B
PV23-8272,bzea,PN12_SID1101,FALSE,Bals,Bals,Zv.0080,Zv.0080_P2_P3_P1.1.1.1.B
PV23-8273,bzea,PN12_SID1102,FALSE,Bals,Bals,Zv.0080,Zv.0080_P2_P3_P1.2.1.1.B
PV23-8274,bzea,PN12_SID1103,FALSE,Bals,Bals,Zv.0080,Zv.0080_P2_P4_P1.1.1.1.B
PV23-8275,bzea,PN12_SID1104,FALSE,Bals,Bals,Zv.0080,Zv.0080_P2_P4_P1.2.1.1.B
PV23-8276,bzea,PN12_SID1105,FALSE,Bals,Bals,Zv.0080,Zv.0080_P2_P4_P2.1.1.1.B
PV23-8277,bzea,PN12_SID1106,FALSE,Bals,Bals,Zv.0080,Zv.0080_P2_P4_P2.2.1.1.B
PV23-8278,bzea,PN12_SID1107,FALSE,Bals,Bals,Zv.0080,Zv.0080_P2_P5_P1.2.1.1.B
PV23-8279,bzea,PN12_SID1108,FALSE,Bals,Bals,Zv.0080,Zv.0080_P2_P5_P1.3.1.1.B
PV23-8280,bzea,PN12_SID1109,FALSE,Bals,Bals,Zv.0120,Zv.0120_P2_P2_P1.2.1.1.B
PV23-8281,bzea,PN12_SID1110,FALSE,Bals,Bals,Zv.0120,Zv.0120_P2_P2_P2.2.1.1.B
PV23-8282,bzea,PN12_SID1111,FALSE,Bals,Bals,Zv.0120,Zv.0120_P2_P3_P1.1.1.1.B
PV23-8283,bzea,PN12_SID1112,FALSE,Bals,Bals,Zv.0120,Zv.0120_P2_P3_P2.1.1.1.B
PV23-8284,bzea,PN12_SID1113,FALSE,Bals,Bals,Zv.0120,Zv.0120_P2_P4_P1.1.1.1.B
PV23-8285,bzea,PN12_SID1114,FALSE,Bals,Bals,Zv.0120,Zv.0120_P2_P4_P1.2.1.1.B
PV23-8286,bzea,PN12_SID1115,FALSE,Bals,Bals,Zv.0120,Zv.0120_P2_P4_P2.1.1.1.B
PV23-8287,bzea,PN12_SID1116,FALSE,Bals,Bals,Zv.0120,Zv.0120_P2_P5_P1.1.1.1.B
PV23-8288,bzea,PN12_SID1117,FALSE,Bals,Bals,Zv.0120,Zv.0120_P2_P5_P1.2.1.1.B
PV23-8289,bzea,PN12_SID1118,FALSE,Bals,Bals,Zv.0120,Zv.0120_P2_P5_P2.1.1.1.B
PV23-8290,bzea,PN12_SID1119,FALSE,Bals,Bals,Zv.0120,Zv.0120_P2_P5_P2.2.1.1.B
PV23-8291,bzea,PN12_SID1120,FALSE,Bals,Bals,Zv.0110,Zv.0110_P1_P2_P1.1.1.1.B
PV23-8292,bzea,PN12_SID1121,FALSE,Bals,Bals,Zv.0110,Zv.0110_P1_P2_P1.2.1.1.B
PV23-8293,bzea,PN12_SID1122,FALSE,Bals,Bals,Zv.0110,Zv.0110_P1_P4_P1.1.1.1.B
PV23-8294,bzea,PN12_SID1123,FALSE,Bals,Bals,Zv.0110,Zv.0110_P1_P4_P1.2.1.1.B
PV23-8295,bzea,PN12_SID1124,FALSE,Bals,Bals,Zv.0110,Zv.0110_P1_P4_P2.1.1.1.B
PV23-8296,bzea,PN12_SID1125,FALSE,Bals,Bals,Zv.0230,Zv.0230_P1_P1_P2.1.1.1.B
PV23-8297,bzea,PN12_SID1126,FALSE,Bals,Bals,Zv.0230,Zv.0230_P1_P2_P1.2.1.1.B
PV23-8298,bzea,PN12_SID1127,FALSE,Bals,Bals,Zv.0230,Zv.0230_P1_P2_P2.2.1.1.B
PV23-8299,bzea,PN12_SID1128,FALSE,Bals,Bals,Zv.0230,Zv.0230_P1_P3_P1.1.1.1.B
PV23-8300,bzea,PN12_SID1129,FALSE,Bals,Bals,Zv.0230,Zv.0230_P1_P3_P1.2.1.1.B
PV23-8301,bzea,PN12_SID1130,FALSE,Bals,Bals,Zv.0230,Zv.0230_P1_P3_P2.2.1.1.B
PV23-8302,bzea,PN12_SID1131,FALSE,Bals,Bals,Zv.0230,Zv.0230_P1_P4_P1.1.1.1.B
PV23-8303,bzea,PN12_SID1132,FALSE,Bals,Bals,Zv.0230,Zv.0230_P1_P4_P1.2.1.1.B
PV23-8304,bzea,PN12_SID1133,FALSE,Bals,Bals,Zv.0230,Zv.0230_P1_P5_P1.1.1.1.B
PV23-8305,bzea,PN12_SID1134,FALSE,Bals,Bals,Zv.0230,Zv.0230_P1_P5_P1.2.1.1.B
PV23-8306,bzea,PN12_SID1135,FALSE,Bals,Bals,Zv.0230,Zv.0230_P1_P5_P2.1.1.1.B
PV23-8307,bzea,PN12_SID1136,FALSE,Bals,Bals,Zv.0230,Zv.0230_P1_P5_P2.2.1.1.B
PV23-8308,bzea,PN12_SID1137,FALSE,Bals,Bals,Zv.0290,Zv.0290_P2_P1_P1.1.1.1.B
PV23-8309,bzea,PN12_SID1138,FALSE,Bals,Bals,Zv.0290,Zv.0290_P2_P1_P1.2.1.1.B
PV23-8310,bzea,PN12_SID1139,FALSE,Bals,Bals,Zv.0290,Zv.0290_P2_P2_P1.1.1.1.B
PV23-8311,bzea,PN12_SID1140,FALSE,Bals,Bals,Zv.0290,Zv.0290_P2_P2_P1.2.1.1.B
PV23-8312,bzea,PN12_SID1141,FALSE,Bals,Bals,Zv.0290,Zv.0290_P2_P2_P2.1.1.1.B
PV23-8313,bzea,PN12_SID1142,FALSE,Bals,Bals,Zv.0290,Zv.0290_P2_P2_P2.2.1.1.B
PV23-8314,bzea,PN12_SID1143,FALSE,Bals,Bals,Zv.0290,Zv.0290_P2_P3_P1.1.1.1.B
PV23-8315,bzea,PN12_SID1144,FALSE,Bals,Bals,Zv.0290,Zv.0290_P2_P3_P1.2.1.1.B
PV23-8316,bzea,PN12_SID1145,FALSE,Bals,Bals,Zv.0290,Zv.0290_P2_P4_P1.1.1.1.B
PV23-8317,bzea,PN12_SID1146,FALSE,Bals,Bals,Zv.0290,Zv.0290_P2_P4_P1.2.1.1.B
PV23-8318,bzea,PN12_SID1147,FALSE,Bals,Bals,Zv.0290,Zv.0290_P2_P4_P2.1.1.1.B
PV23-8319,bzea,PN12_SID1148,FALSE,Bals,Bals,Zv.0290,Zv.0290_P2_P4_P2.2.1.1.B
PV23-8320,bzea,PN12_SID1149,FALSE,Bals,Bals,Zv.0210,Zv.0210_P1_P1_P1.2.1.1.B
PV23-8321,bzea,PN12_SID1150,FALSE,Bals,Bals,Zv.0210,Zv.0210_P1_P2_P1.1.1.1.B
PV23-8322,bzea,PN12_SID1151,FALSE,Bals,Bals,Zv.0210,Zv.0210_P1_P2_P1.2.1.1.B
PV23-8323,bzea,PN12_SID1152,FALSE,Bals,Bals,Zv.0210,Zv.0210_P1_P3_P1.1.1.1.B
PV23-8324,bzea,PN13_SID1153,FALSE,Bals,Bals,Zv.0210,Zv.0210_P1_P3_P1.2.1.1.B
PV23-8325,bzea,PN13_SID1154,FALSE,Bals,Bals,Zv.0210,Zv.0210_P1_P3_P2.1.1.1.B
PV23-8326,bzea,PN13_SID1155,FALSE,Bals,Bals,Zv.0210,Zv.0210_P1_P3_P2.2.1.1.B
PV23-8327,bzea,PN13_SID1156,FALSE,Bals,Bals,Zv.0210,Zv.0210_P1_P4_P1.1.1.1.B
PV23-8328,bzea,PN13_SID1157,FALSE,Bals,Bals,Zv.0210,Zv.0210_P1_P4_P1.2.1.1.B
PV23-8329,bzea,PN13_SID1158,FALSE,Bals,Bals,Zv.0210,Zv.0210_P1_P4_P2.2.1.1.B
PV23-8330,bzea,PN13_SID1159,FALSE,Bals,Bals,Zv.0210,Zv.0210_P1_P5_P1.1.1.1.B
PV23-8331,bzea,PN13_SID1160,FALSE,Bals,Bals,Zv.0210,Zv.0210_P1_P5_P1.2.1.1.B
PV23-8332,bzea,PN13_SID1161,FALSE,Bals,Bals,Zv.0210,Zv.0210_P1_P5_P2.1.1.1.B
PV23-8333,bzea,PN13_SID1162,TRUE,Purple,NA,NA,NA
PV23-8334,bzea,PN13_SID1163,FALSE,Bals,Bals,Zv.0220,Zv.0220_P3_P1_P1.2.1.1.B
PV23-8335,bzea,PN13_SID1164,FALSE,Bals,Bals,Zv.0220,Zv.0220_P3_P1_P2.1.1.1.B
PV23-8336,bzea,PN13_SID1165,FALSE,Bals,Bals,Zv.0220,Zv.0220_P3_P1_P2.2.1.1.B
PV23-8337,bzea,PN13_SID1166,FALSE,Bals,Bals,Zv.0220,Zv.0220_P3_P2_P1.1.1.1.B
PV23-8338,bzea,PN13_SID1167,FALSE,Bals,Bals,Zv.0220,Zv.0220_P3_P2_P1.2.1.1.B
PV23-8339,bzea,PN13_SID1168,FALSE,Bals,Bals,Zv.0220,Zv.0220_P3_P2_P2.1.1.1.B
PV23-8340,bzea,PN13_SID1169,FALSE,Bals,Bals,Zv.0220,Zv.0220_P3_P2_P2.3.1.1.B
PV23-8341,bzea,PN13_SID1170,FALSE,Bals,Bals,Zv.0220,Zv.0220_P3_P4_P1.1.1.1.B
PV23-8342,bzea,PN13_SID1171,FALSE,Bals,Bals,Zv.0220,Zv.0220_P3_P4_P1.2.1.1.B
PV23-8343,bzea,PN13_SID1172,FALSE,Bals,Bals,Zv.0220,Zv.0220_P3_P5_P1.1.1.1.B
PV23-8344,bzea,PN13_SID1173,FALSE,Bals,Bals,Zv.0220,Zv.0220_P3_P5_P1.2.1.1.B
PV23-8345,bzea,PN13_SID1174,FALSE,Bals,Bals,Zv.0220,Zv.0220_P3_P5_P2.1.1.1.B
PV23-8346,bzea,PN13_SID1175,FALSE,Bals,Bals,Zv.0220,Zv.0220_P3_P5_P2.2.1.1.B
PV23-8347,bzea,PN13_SID1176,FALSE,Bals,Bals,Zv.0260,Zv.0260_P2_P1_P1.1.1.1.B
PV23-8348,bzea,PN13_SID1177,FALSE,Bals,Bals,Zv.0260,Zv.0260_P2_P1_P2.1.1.1.B
PV23-8349,bzea,PN13_SID1178,FALSE,Bals,Bals,Zv.0260,Zv.0260_P2_P1_P2.2.1.1.B
PV23-8350,bzea,PN13_SID1179,FALSE,Bals,Bals,Zv.0260,Zv.0260_P2_P2_P1.1.1.1.B
PV23-8351,bzea,PN13_SID1180,FALSE,Bals,Bals,Zv.0260,Zv.0260_P2_P2_P1.2.1.1.B
PV23-8352,bzea,PN13_SID1181,FALSE,Bals,Bals,Zv.0260,Zv.0260_P2_P2_P2.2.1.1.B
PV23-8353,bzea,PN13_SID1182,FALSE,Bals,Bals,Zv.0260,Zv.0260_P2_P3_P1.1.1.1.B
PV23-8354,bzea,PN13_SID1183,FALSE,Bals,Bals,Zv.0260,Zv.0260_P2_P3_P1.2.1.1.B
PV23-8355,bzea,PN13_SID1184,FALSE,Bals,Bals,Zv.0260,Zv.0260_P2_P3_P2.1.1.1.B
PV23-8356,bzea,PN13_SID1185,FALSE,Bals,Bals,Zv.0260,Zv.0260_P2_P3_P2.2.1.1.B
PV23-8357,bzea,PN13_SID1186,FALSE,Bals,Bals,Zv.0260,Zv.0260_P2_P4_P1.1.1.1.B
PV23-8358,bzea,PN13_SID1187,FALSE,Bals,Bals,Zv.0260,Zv.0260_P2_P4_P1.2.1.1.B
PV23-8359,bzea,PN13_SID1188,FALSE,Bals,Bals,Zv.0260,Zv.0260_P2_P5_P1.1.1.1.B
PV23-8360,bzea,PN13_SID1189,FALSE,Bals,Bals,Zv.0260,Zv.0260_P2_P5_P1.2.1.1.B
PV23-8361,bzea,PN13_SID1190,FALSE,Bals,Bals,Zv.0140,Zv.0140_P3_P1_P2.1.1.1.B
PV23-8362,bzea,PN13_SID1191,FALSE,Bals,Bals,Zv.0140,Zv.0140_P3_P1_P2.2.1.1.B
PV23-8363,bzea,PN13_SID1192,FALSE,Bals,Bals,Zv.0140,Zv.0140_P3_P2_P1.1.1.1.B
PV23-8364,bzea,PN13_SID1193,FALSE,Bals,Bals,Zv.0140,Zv.0140_P3_P2_P1.2.1.1.B
PV23-8365,bzea,PN13_SID1194,FALSE,Bals,Bals,Zv.0140,Zv.0140_P3_P2_P2.1.1.1.B
PV23-8366,bzea,PN13_SID1195,FALSE,Bals,Bals,Zv.0140,Zv.0140_P3_P3_P1.1.1.1.B
PV23-8367,bzea,PN13_SID1196,FALSE,Bals,Bals,Zv.0140,Zv.0140_P3_P5_P1.1.1.1.B
PV23-8368,bzea,PN13_SID1197,FALSE,Bals,Bals,Zv.0140,Zv.0140_P3_P5_P2.1.1.1.B
PV23-8369,bzea,PN13_SID1198,FALSE,Bals,Bals,Zv.0140,Zv.0140_P3_P5_P2.2.1.1.B
PV23-8370,bzea,PN13_SID1199,FALSE,Zdip,Zdip,Zd.0020,Zd.0020_P2_P1_P1.1.1.1.B
PV23-8371,bzea,PN13_SID1200,FALSE,Zdip,Zdip,Zd.0020,Zd.0020_P2_P1_P1.2.1.1.B
PV23-8372,bzea,PN13_SID1201,FALSE,Zdip,Zdip,Zd.0020,Zd.0020_P2_P1_P1.4.1.1.B
PV23-8373,bzea,PN13_SID1202,FALSE,Zdip,Zdip,Zd.0020,Zd.0020_P2_P1_P2.1.1.1.B
PV23-8374,bzea,PN13_SID1203,FALSE,Zdip,Zdip,Zd.0020,Zd.0020_P2_P1_P2.2.1.1.B
PV23-8375,bzea,PN13_SID1204,FALSE,Zdip,Zdip,Zd.0020,Zd.0020_P2_P1_P2.3.1.1.B
PV23-8376,bzea,PN13_SID1205,FALSE,Zdip,Zdip,Zd.0020,Zd.0020_P2_P1_P3.1.1.1.B
PV23-8377,bzea,PN13_SID1206,FALSE,Zdip,Zdip,Zd.0020,Zd.0020_P2_P1_P3.2.1.1.B
PV23-8378,bzea,PN13_SID1207,FALSE,Zdip,Zdip,Zd.0020,Zd.0020_P2_P1_P3.3.1.1.B
PV23-8379,bzea,PN13_SID1208,FALSE,Zdip,Zdip,Zd.0020,Zd.0020_P2_P1_P3.4.1.1.B
PV23-8380,bzea,PN13_SID1209,FALSE,Zdip,Zdip,Zd.0020,Zd.0020_P2_P2_P1.1.1.1.B
PV23-8381,bzea,PN13_SID1210,FALSE,Zdip,Zdip,Zd.0020,Zd.0020_P2_P2_P1.2.1.1.B
PV23-8382,bzea,PN13_SID1211,FALSE,Zdip,Zdip,Zd.0020,Zd.0020_P2_P2_P1.3.1.1.B
PV23-8383,bzea,PN13_SID1212,FALSE,Zdip,Zdip,Zd.0020,Zd.0020_P2_P2_P2.1.1.1.B
PV23-8384,bzea,PN13_SID1213,FALSE,Zdip,Zdip,Zd.0020,Zd.0020_P2_P2_P2.2.1.1.B
PV23-8385,bzea,PN13_SID1214,FALSE,Zdip,Zdip,Zd.0020,Zd.0020_P2_P3_P1.2.1.1.B
PV23-8386,bzea,PN13_SID1215,FALSE,Zdip,Zdip,Zd.0020,Zd.0020_P2_P3_P1.3.1.1.B
PV23-8387,bzea,PN13_SID1216,FALSE,Zdip,Zdip,Zd.0020,Zd.0020_P2_P3_P2.1.1.1.B
PV23-8388,bzea,PN13_SID1217,FALSE,Zdip,Zdip,Zd.0020,Zd.0020_P2_P3_P2.2.1.1.B
PV23-8389,bzea,PN13_SID1218,FALSE,Zdip,Zdip,Zd.0020,Zd.0020_P2_P3_P2.3.1.1.B
PV23-8390,bzea,PN13_SID1219,FALSE,Zdip,Zdip,Zd.0020,Zd.0020_P2_P4_P1.1.1.1.B
PV23-8391,bzea,PN13_SID1220,FALSE,Zdip,Zdip,Zd.0020,Zd.0020_P2_P4_P1.3.1.1.B
PV23-8392,bzea,PN13_SID1221,FALSE,Zdip,Zdip,Zd.0020,Zd.0020_P2_P4_P1.4.1.1.B
PV23-8393,bzea,PN13_SID1222,FALSE,Zdip,Zdip,Zd.0020,Zd.0020_P2_P4_P2.3.1.1.B
PV23-8394,bzea,PN13_SID1223,FALSE,Zdip,Zdip,Zd.0020,Zd.0020_P2_P4_P2.4.1.1.B
PV23-8395,bzea,PN13_SID1224,FALSE,Zdip,Zdip,Zd.0020,Zd.0020_P2_P4_P3.4.1.1.B
PV23-8396,bzea,PN13_SID1225,TRUE,Purple,NA,NA,NA
PV23-8397,bzea,PN13_SID1226,FALSE,NA,NA,NA,NA
PV23-8398,bzea,PN13_SID1227,FALSE,Zdip,Zdip,Zd.0020,Zd.0020_P3_P1_P3.1.1.1.B
PV23-8399,bzea,PN13_SID1228,FALSE,Zdip,Zdip,Zd.0020,Zd.0020_P3_P1_P3.2.1.1.B
PV23-8400,bzea,PN13_SID1229,FALSE,Zdip,Zdip,Zd.0020,Zd.0020_P3_P1_P3.4.1.1.B
PV23-8401,bzea,PN13_SID1230,FALSE,Zdip,Zdip,Zd.0020,Zd.0020_P3_P1_P3.5.1.1.B
PV23-8402,bzea,PN13_SID1231,FALSE,Zdip,Zdip,Zd.0020,Zd.0020_P3_P2_P1.2.1.1.B
PV23-8403,bzea,PN13_SID1232,FALSE,Zdip,Zdip,Zd.0020,Zd.0020_P3_P2_P1.5.1.1.B
PV23-8404,bzea,PN13_SID1233,FALSE,Zdip,Zdip,Zd.0020,Zd.0020_P3_P2_P2.1.1.1.B
PV23-8405,bzea,PN13_SID1234,FALSE,Zdip,Zdip,Zd.0020,Zd.0020_P3_P2_P2.3.1.1.B
PV23-8406,bzea,PN13_SID1235,FALSE,Zdip,Zdip,Zd.0020,Zd.0020_P3_P2_P2.4.1.1.B
PV23-8407,bzea,PN13_SID1236,FALSE,Zdip,Zdip,Zd.0020,Zd.0020_P3_P2_P3.1.1.1.B
PV23-8408,bzea,PN13_SID1237,FALSE,Zdip,Zdip,Zd.0020,Zd.0020_P3_P2_P3.2.1.1.B
PV23-8409,bzea,PN13_SID1238,FALSE,Zdip,Zdip,Zd.0020,Zd.0020_P3_P2_P3.3.1.1.B
PV23-8410,bzea,PN13_SID1239,FALSE,Zdip,Zdip,Zd.0020,Zd.0020_P3_P2_P4.1.1.1.B
PV23-8411,bzea,PN13_SID1240,FALSE,Zdip,Zdip,Zd.0020,Zd.0020_P3_P2_P4.2.1.1.B
PV23-8412,bzea,PN13_SID1241,FALSE,Zdip,Zdip,Zd.0020,Zd.0020_P3_P2_P4.3.1.1.B
PV23-8413,bzea,PN13_SID1242,FALSE,Zdip,Zdip,Zd.0020,Zd.0020_P3_P3_P1.1.1.1.B
PV23-8414,bzea,PN13_SID1243,FALSE,Zdip,Zdip,Zd.0020,Zd.0020_P3_P3_P1.2.1.1.B
PV23-8415,bzea,PN13_SID1244,FALSE,Zdip,Zdip,Zd.0020,Zd.0020_P3_P3_P1.3.1.1.B
PV23-8416,bzea,PN13_SID1245,FALSE,Zdip,Zdip,Zd.0020,Zd.0020_P3_P3_P2.3.1.1.B
PV23-8417,bzea,PN13_SID1246,FALSE,Zdip,Zdip,Zd.0020,Zd.0020_P3_P3_P2.4.1.1.B
PV23-8418,bzea,PN13_SID1247,FALSE,Zdip,Zdip,Zd.0020,Zd.0020_P3_P3_P3.1.1.1.B
PV23-8419,bzea,PN13_SID1248,FALSE,Zdip,Zdip,Zd.0020,Zd.0020_P3_P3_P3.2.1.1.B
PV23-8420,bzea,PN14_SID1249,FALSE,Zdip,Zdip,Zd.0020,Zd.0020_P3_P3_P3.3.1.1.B
PV23-8421,bzea,PN14_SID1250,FALSE,Zdip,Zdip,Zd.0020,Zd.0020_P3_P4_P1.1.1.1.B
PV23-8422,bzea,PN14_SID1251,FALSE,Zdip,Zdip,Zd.0020,Zd.0020_P3_P4_P1.3.1.1.B
PV23-8423,bzea,PN14_SID1252,FALSE,Zdip,Zdip,Zd.0020,Zd.0020_P3_P4_P1.4.1.1.B
PV23-8424,bzea,PN14_SID1253,FALSE,Zdip,Zdip,Zd.0020,Zd.0020_P3_P4_P2.1.1.1.B
PV23-8425,bzea,PN14_SID1254,FALSE,Zdip,Zdip,Zd.0020,Zd.0020_P3_P4_P2.2.1.1.B
PV23-8426,bzea,PN14_SID1255,FALSE,Zdip,Zdip,Zd.0020,Zd.0020_P3_P4_P2.3.1.1.B
PV23-8427,bzea,PN14_SID1256,FALSE,Zdip,Zdip,Zd.0020,Zd.0020_P3_P4_P3.1.1.1.B
PV23-8428,bzea,PN14_SID1257,FALSE,Zdip,Zdip,Zd.0020,Zd.0020_P3_P4_P3.2.1.1.B
PV23-8429,bzea,PN14_SID1258,FALSE,Zdip,Zdip,Zd.0020,Zd.0020_P3_P4_P3.3.1.1.B
PV23-8430,bzea,PN14_SID1259,FALSE,Zdip,Zdip,Zd.0020,Zd.0020_P3_P4_P3.4.1.1.B
PV23-8431,bzea,PN14_SID1260,FALSE,Zdip,Zdip,Zd.0020,Zd.0020_P3_P5_P1.1.1.1.B
PV23-8432,bzea,PN14_SID1261,FALSE,Zdip,Zdip,Zd.0020,Zd.0020_P3_P5_P1.2.1.1.B
PV23-8433,bzea,PN14_SID1262,FALSE,Zdip,Zdip,Zd.0020,Zd.0020_P3_P5_P1.3.1.1.B
PV23-8434,bzea,PN14_SID1263,FALSE,Zdip,Zdip,Zd.0020,Zd.0020_P3_P5_P1.4.1.1.B
PV23-8435,bzea,PN14_SID1264,FALSE,Zdip,Zdip,Zd.0020,Zd.0020_P3_P5_P2.1.1.1.B
PV23-8436,bzea,PN14_SID1265,FALSE,Zdip,Zdip,Zd.0020,Zd.0020_P3_P5_P2.2.1.1.B
PV23-8437,bzea,PN14_SID1266,FALSE,Zdip,Zdip,Zd.0020,Zd.0020_P3_P5_P3.1.1.1.B
PV23-8438,bzea,PN14_SID1267,FALSE,Zdip,Zdip,Zd.0010,Zd.0010_P2_P1_P1.1.1.1.B
PV23-8439,bzea,PN14_SID1268,FALSE,Zdip,Zdip,Zd.0010,Zd.0010_P2_P1_P1.2.1.1.B
PV23-8440,bzea,PN14_SID1269,FALSE,Zdip,Zdip,Zd.0010,Zd.0010_P2_P1_P1.3.1.1.B
PV23-8441,bzea,PN14_SID1270,FALSE,Zdip,Zdip,Zd.0010,Zd.0010_P2_P1_P2.1.1.1.B
PV23-8442,bzea,PN14_SID1271,FALSE,Zdip,Zdip,Zd.0010,Zd.0010_P2_P1_P2.2.1.1.B
PV23-8443,bzea,PN14_SID1272,FALSE,Zdip,Zdip,Zd.0010,Zd.0010_P2_P1_P2.3.1.1.B
PV23-8444,bzea,PN14_SID1273,FALSE,Zdip,Zdip,Zd.0010,Zd.0010_P2_P1_P2.4.1.1.B
PV23-8445,bzea,PN14_SID1274,FALSE,Zdip,Zdip,Zd.0010,Zd.0010_P2_P2_P1.2.1.1.B
PV23-8446,bzea,PN14_SID1275,FALSE,Zdip,Zdip,Zd.0010,Zd.0010_P2_P2_P1.3.1.1.B
PV23-8447,bzea,PN14_SID1276,FALSE,Zdip,Zdip,Zd.0010,Zd.0010_P2_P2_P1.5.1.1.B
PV23-8448,bzea,PN14_SID1277,FALSE,Zdip,Zdip,Zd.0010,Zd.0010_P2_P2_P2.1.1.1.B
PV23-8449,bzea,PN14_SID1278,FALSE,Zdip,Zdip,Zd.0010,Zd.0010_P2_P2_P2.2.1.1.B
PV23-8450,bzea,PN14_SID1279,FALSE,Zdip,Zdip,Zd.0010,Zd.0010_P2_P2_P2.3.1.1.B
PV23-8451,bzea,PN14_SID1280,FALSE,Zdip,Zdip,Zd.0010,Zd.0010_P2_P2_P2.5.1.1.B
PV23-8452,bzea,PN14_SID1281,FALSE,Zdip,Zdip,Zd.0010,Zd.0010_P2_P3_P1.2.1.1.B
PV23-8453,bzea,PN14_SID1282,FALSE,Zdip,Zdip,Zd.0010,Zd.0010_P2_P3_P1.3.1.1.B
PV23-8454,bzea,PN14_SID1283,FALSE,Zdip,Zdip,Zd.0010,Zd.0010_P2_P3_P1.4.1.1.B
PV23-8455,bzea,PN14_SID1284,FALSE,Zdip,Zdip,Zd.0010,Zd.0010_P2_P3_P1.5.1.1.B
PV23-8456,bzea,PN14_SID1285,FALSE,Zdip,Zdip,Zd.0010,Zd.0010_P2_P3_P2.1.1.1.B
PV23-8457,bzea,PN14_SID1286,FALSE,Zdip,Zdip,Zd.0010,Zd.0010_P2_P3_P2.3.1.1.B
PV23-8458,bzea,PN14_SID1287,FALSE,Zdip,Zdip,Zd.0010,Zd.0010_P2_P3_P2.4.1.1.B
PV23-8459,bzea,PN14_SID1288,FALSE,Zdip,Zdip,Zd.0010,Zd.0010_P2_P3_P3.1.1.1.B
PV23-8460,bzea,PN14_SID1289,FALSE,Zdip,Zdip,Zd.0010,Zd.0010_P2_P3_P3.3.1.1.B
PV23-8461,bzea,PN14_SID1290,FALSE,Zdip,Zdip,Zd.0010,Zd.0010_P2_P3_P4.1.1.1.B
PV23-8462,bzea,PN14_SID1291,FALSE,Zdip,Zdip,Zd.0010,Zd.0010_P2_P3_P4.2.1.1.B
PV23-8463,bzea,PN14_SID1292,FALSE,Zdip,Zdip,Zd.0010,Zd.0010_P2_P3_P4.4.1.1.B
PV23-8464,bzea,PN14_SID1293,FALSE,Zdip,Zdip,Zd.0010,Zd.0010_P2_P3_P4.5.1.1.B
PV23-8465,bzea,PN14_SID1294,FALSE,Zdip,Zdip,Zd.0010,Zd.0010_P2_P4_P1.2.1.1.B
PV23-8466,bzea,PN14_SID1295,FALSE,Zdip,Zdip,Zd.0010,Zd.0010_P2_P4_P1.3.1.1.B
PV23-8467,bzea,PN14_SID1296,FALSE,Zdip,Zdip,Zd.0010,Zd.0010_P2_P4_P1.4.1.1.B
PV23-8468,bzea,PN14_SID1297,FALSE,Zdip,Zdip,Zd.0010,Zd.0010_P2_P4_P2.1.1.1.B
PV23-8469,bzea,PN14_SID1298,FALSE,Zdip,Zdip,Zd.0010,Zd.0010_P2_P4_P2.2.1.1.B
PV23-8470,bzea,PN14_SID1299,FALSE,Zdip,Zdip,Zd.0010,Zd.0010_P2_P4_P2.3.1.1.B
PV23-8471,bzea,PN14_SID1300,FALSE,Zdip,Zdip,Zd.0010,Zd.0010_P2_P4_P3.2.1.1.B
PV23-8472,bzea,PN14_SID1301,FALSE,Zdip,Zdip,Zd.0010,Zd.0010_P2_P4_P3.3.1.1.B
PV23-8473,bzea,PN14_SID1302,FALSE,Zdip,Zdip,Zd.0010,Zd.0010_P2_P4_P4.2.1.1.B
PV23-8474,bzea,PN14_SID1303,FALSE,Zdip,Zdip,Zd.0010,Zd.0010_P2_P4_P4.3.1.1.B
PV23-8475,bzea,PN14_SID1304,FALSE,Zdip,Zdip,Zd.0010,Zd.0010_P2_P5_P1.1.1.1.B
PV23-8476,bzea,PN14_SID1305,FALSE,Zdip,Zdip,Zd.0010,Zd.0010_P2_P5_P1.2.1.1.B
PV23-8477,bzea,PN14_SID1306,FALSE,Zdip,Zdip,Zd.0010,Zd.0010_P2_P5_P1.4.1.1.B
PV23-8478,bzea,PN14_SID1307,FALSE,Zdip,Zdip,Zd.0010,Zd.0010_P2_P5_P2.1.1.1.B
PV23-8479,bzea,PN14_SID1308,FALSE,Zdip,Zdip,Zd.0010,Zd.0010_P2_P5_P2.2.1.1.B
PV23-8480,bzea,PN14_SID1309,FALSE,Zdip,Zdip,Zd.0010,Zd.0010_P2_P5_P2.3.1.1.B
PV23-8481,bzea,PN14_SID1310,FALSE,Zdip,Zdip,Zd.0010,Zd.0010_P2_P5_P2.4.1.1.B
PV23-8482,bzea,PN14_SID1311,FALSE,Zdip,Zdip,Zd.0010,Zd.0010_P2_P5_P3.1.1.1.B
PV23-8483,bzea,PN14_SID1312,FALSE,Zdip,Zdip,Zd.0010,Zd.0010_P2_P5_P3.3.1.1.B
PV23-8484,bzea,PN14_SID1313,FALSE,Zdip,Zdip,Zd.0010,Zd.0010_P2_P5_P4.1.1.1.B
PV23-8485,bzea,PN14_SID1314,FALSE,Zdip,Zdip,Zd.0010,Zd.0010_P2_P5_P4.2.1.1.B
PV23-8486,bzea,PN14_SID1315,FALSE,Zdip,Zdip,Zd.0010,Zd.0010_P2_P5_P4.4.1.1.B
PV23-8487,bzea,PN14_SID1316,FALSE,Zdip,Zdip,Zd.0010,Zd.0010_P3_P1_P1.1.1.1.B
PV23-8488,bzea,PN14_SID1317,FALSE,Zdip,Zdip,Zd.0010,Zd.0010_P3_P1_P1.3.1.1.B
PV23-8489,bzea,PN14_SID1318,FALSE,Zdip,Zdip,Zd.0010,Zd.0010_P3_P1_P2.1.1.1.B
PV23-8490,bzea,PN14_SID1319,FALSE,Zdip,Zdip,Zd.0010,Zd.0010_P3_P1_P2.2.1.1.B
PV23-8491,bzea,PN14_SID1320,FALSE,Zdip,Zdip,Zd.0010,Zd.0010_P3_P2_P1.1.1.1.B
PV23-8492,bzea,PN14_SID1321,FALSE,Zdip,Zdip,Zd.0010,Zd.0010_P3_P2_P1.3.1.1.B
PV23-8493,bzea,PN14_SID1322,FALSE,Zdip,Zdip,Zd.0010,Zd.0010_P3_P2_P1.4.1.1.B
PV23-8494,bzea,PN14_SID1323,FALSE,Zdip,Zdip,Zd.0010,Zd.0010_P3_P2_P2.1.1.1.B
PV23-8495,bzea,PN14_SID1324,FALSE,Zdip,Zdip,Zd.0010,Zd.0010_P3_P2_P2.3.1.1.B
PV23-8496,bzea,PN14_SID1325,FALSE,Zdip,Zdip,Zd.0010,Zd.0010_P3_P2_P3.1.1.1.B
PV23-8497,bzea,PN14_SID1326,FALSE,Zdip,Zdip,Zd.0010,Zd.0010_P3_P2_P3.2.1.1.B
PV23-8498,bzea,PN14_SID1327,FALSE,Zdip,Zdip,Zd.0010,Zd.0010_P3_P2_P3.3.1.1.B
PV23-8499,bzea,PN14_SID1328,FALSE,Zdip,Zdip,Zd.0010,Zd.0010_P3_P2_P4.1.1.1.B
PV23-8500,bzea,PN14_SID1329,FALSE,Zdip,Zdip,Zd.0010,Zd.0010_P3_P2_P4.2.1.1.B
PV23-8501,bzea,PN14_SID1330,FALSE,Zdip,Zdip,Zd.0010,Zd.0010_P3_P2_P4.3.1.1.B
PV23-8502,bzea,PN14_SID1331,FALSE,Zdip,Zdip,Zd.0010,Zd.0010_P3_P2_P5.1.1.1.B
PV23-8503,bzea,PN14_SID1332,FALSE,Zdip,Zdip,Zd.0010,Zd.0010_P3_P2_P5.2.1.1.B
PV23-8504,bzea,PN14_SID1333,FALSE,Zdip,Zdip,Zd.0010,Zd.0010_P3_P2_P5.3.1.1.B
PV23-8505,bzea,PN14_SID1334,FALSE,Zdip,Zdip,Zd.0010,Zd.0010_P3_P2_P5.4.1.1.B
PV23-8506,bzea,PN14_SID1335,TRUE,Purple,NA,NA,NA
PV23-8507,bzea,PN14_SID1336,FALSE,Zdip,Zdip,Zd.0010,Zd.0010_P3_P3_P1.3.1.1.B
PV23-8508,bzea,PN14_SID1337,FALSE,Zdip,Zdip,Zd.0010,Zd.0010_P3_P3_P1.4.1.1.B
PV23-8509,bzea,PN14_SID1338,FALSE,Zdip,Zdip,Zd.0010,Zd.0010_P3_P3_P2.1.1.1.B
PV23-8510,bzea,PN14_SID1339,FALSE,Zdip,Zdip,Zd.0010,Zd.0010_P3_P3_P2.2.1.1.B
PV23-8511,bzea,PN14_SID1340,FALSE,Zdip,Zdip,Zd.0010,Zd.0010_P3_P3_P2.4.1.1.B
PV23-8512,bzea,PN14_SID1341,FALSE,Zdip,Zdip,Zd.0010,Zd.0010_P3_P3_P3.2.1.1.B
PV23-8513,bzea,PN14_SID1342,FALSE,Zdip,Zdip,Zd.0010,Zd.0010_P3_P3_P3.4.1.1.B
PV23-8514,bzea,PN14_SID1343,FALSE,Zdip,Zdip,Zd.0010,Zd.0010_P3_P4_P1.1.1.1.B
PV23-8515,bzea,PN14_SID1344,FALSE,Zdip,Zdip,Zd.0010,Zd.0010_P3_P4_P1.2.1.1.B
PV23-8516,bzea,PN15_SID1345,FALSE,Zdip,Zdip,Zd.0010,Zd.0010_P3_P4_P1.3.1.1.B
PV23-8517,bzea,PN15_SID1346,FALSE,Zdip,Zdip,Zd.0010,Zd.0010_P3_P4_P2.1.1.1.B
PV23-8518,bzea,PN15_SID1347,FALSE,Zdip,Zdip,Zd.0010,Zd.0010_P3_P4_P2.2.1.1.B
PV23-8519,bzea,PN15_SID1348,FALSE,Zdip,Zdip,Zd.0010,Zd.0010_P3_P4_P2.3.1.1.B
PV23-8520,bzea,PN15_SID1349,FALSE,Zdip,Zdip,Zd.0010,Zd.0010_P3_P4_P2.5.1.1.B
PV23-8521,bzea,PN15_SID1350,FALSE,Zdip,Zdip,Zd.0010,Zd.0010_P3_P4_P3.1.1.1.B
PV23-8522,bzea,PN15_SID1351,FALSE,Zdip,Zdip,Zd.0010,Zd.0010_P3_P4_P4.3.1.1.B
PV23-8523,bzea,PN15_SID1352,FALSE,Zdip,Zdip,Zd.0010,Zd.0010_P3_P4_P4.4.1.1.B
PV23-8524,bzea,PN15_SID1353,TRUE,Purple,NA,NA,NA
PV23-8525,bzea,PN15_SID1354,FALSE,Zdip,Zdip,Zd.0010,Zd.0010_P3_P5_P1.3.1.1.B
PV23-8526,bzea,PN15_SID1355,FALSE,Zdip,Zdip,Zd.0010,Zd.0010_P3_P5_P1.4.1.1.B
PV23-8527,bzea,PN15_SID1356,FALSE,Bals,Bals,Zv.0310,Zv.0310_P3_P2_P1.2.1.1.B
PV23-8528,bzea,PN15_SID1357,FALSE,Bals,Bals,Zv.0310,Zv.0310_P3_P2_P1.3.1.1.B
PV23-8529,bzea,PN15_SID1358,FALSE,Bals,Bals,Zv.0310,Zv.0310_P3_P3_P1.2.1.1.B
PV23-8530,bzea,PN15_SID1359,FALSE,Bals,Bals,Zv.0310,Zv.0310_P3_P4_P1.1.1.1.B
PV23-8531,bzea,PN15_SID1360,FALSE,Bals,Bals,Zv.0310,Zv.0310_P3_P4_P1.2.1.1.B
PV23-8532,bzea,PN15_SID1361,FALSE,Bals,Bals,Zv.0310,Zv.0310_P3_P4_P2.1.1.1.B
PV23-8533,bzea,PN15_SID1362,FALSE,Bals,Bals,Zv.0310,Zv.0310_P3_P4_P2.2.1.1.B
PV23-8534,bzea,PN15_SID1363,FALSE,Bals,Bals,Zv.0310,Zv.0310_P3_P5_P1.2.1.1.B
PV23-8535,bzea,PN15_SID1364,FALSE,Bals,Bals,Zv.0310,Zv.0310_P3_P5_P1.3.1.1.B
PV23-8536,bzea,PN15_SID1365,FALSE,Bals,Bals,Zv.0390,Zv.0390_P2_P1_P1.1.1.1.B
PV23-8537,bzea,PN15_SID1366,FALSE,Bals,Bals,Zv.0390,Zv.0390_P2_P1_P1.2.1.1.B
PV23-8538,bzea,PN15_SID1367,FALSE,Bals,Bals,Zv.0390,Zv.0390_P2_P2_P1.1.1.1.B
PV23-8539,bzea,PN15_SID1368,FALSE,Bals,Bals,Zv.0390,Zv.0390_P2_P2_P1.2.1.1.B
PV23-8540,bzea,PN15_SID1369,FALSE,Bals,Bals,Zv.0390,Zv.0390_P2_P3_P1.1.1.1.B
PV23-8541,bzea,PN15_SID1370,FALSE,Bals,Bals,Zv.0390,Zv.0390_P2_P3_P1.2.1.1.B
PV23-8542,bzea,PN15_SID1371,FALSE,Bals,Bals,Zv.0390,Zv.0390_P2_P3_P2.1.1.1.B
PV23-8543,bzea,PN15_SID1372,FALSE,Bals,Bals,Zv.0390,Zv.0390_P2_P3_P2.2.1.1.B
PV23-8544,bzea,PN15_SID1373,FALSE,Bals,Bals,Zv.0390,Zv.0390_P2_P4_P1.1.1.1.B
PV23-8545,bzea,PN15_SID1374,FALSE,Bals,Bals,Zv.0390,Zv.0390_P2_P4_P1.2.1.1.B
PV23-8546,bzea,PN15_SID1375,FALSE,Bals,Bals,Zv.0300,Zv.0300_P1_P1_P1.1.1.1.B
PV23-8547,bzea,PN15_SID1376,FALSE,Bals,Bals,Zv.0300,Zv.0300_P1_P1_P1.2.1.1.B
PV23-8548,bzea,PN15_SID1377,FALSE,Bals,Bals,Zv.0300,Zv.0300_P1_P1_P2.1.1.1.B
PV23-8549,bzea,PN15_SID1378,FALSE,Bals,Bals,Zv.0300,Zv.0300_P1_P1_P2.2.1.1.B
PV23-8550,bzea,PN15_SID1379,FALSE,Bals,Bals,Zv.0300,Zv.0300_P1_P2_P1.1.1.1.B
PV23-8551,bzea,PN15_SID1380,FALSE,Bals,Bals,Zv.0300,Zv.0300_P1_P2_P1.2.1.1.B
PV23-8552,bzea,PN15_SID1381,FALSE,Bals,Bals,Zv.0300,Zv.0300_P1_P2_P2.1.1.1.B
PV23-8553,bzea,PN15_SID1382,FALSE,Bals,Bals,Zv.0300,Zv.0300_P1_P2_P2.2.1.1.B
PV23-8554,bzea,PN15_SID1383,FALSE,Bals,Bals,Zv.0300,Zv.0300_P1_P3_P1.1.1.1.B
PV23-8555,bzea,PN15_SID1384,FALSE,Bals,Bals,Zv.0300,Zv.0300_P1_P3_P1.2.1.1.B
PV23-8556,bzea,PN15_SID1385,FALSE,Bals,Bals,Zv.0300,Zv.0300_P1_P3_P2.1.1.1.B
PV23-8557,bzea,PN15_SID1386,FALSE,Bals,Bals,Zv.0300,Zv.0300_P1_P4_P1.1.1.1.B
PV23-8558,bzea,PN15_SID1387,FALSE,Bals,Bals,Zv.0300,Zv.0300_P1_P4_P1.2.1.1.B
PV23-8559,bzea,PN15_SID1388,FALSE,Bals,Bals,Zv.0300,Zv.0300_P1_P5_P1.1.1.1.B
PV23-8560,bzea,PN15_SID1389,FALSE,Bals,Bals,Zv.0300,Zv.0300_P1_P5_P1.2.1.1.B
PV23-8561,bzea,PN15_SID1390,FALSE,Bals,Bals,Zv.0280,Zv.0280_P1_P1_P1.1.1.1.B
PV23-8562,bzea,PN15_SID1391,FALSE,Bals,Bals,Zv.0280,Zv.0280_P1_P1_P1.2.1.1.B
PV23-8563,bzea,PN15_SID1392,FALSE,Bals,Bals,Zv.0280,Zv.0280_P1_P2_P1.2.1.1.B
PV23-8564,bzea,PN15_SID1393,FALSE,Bals,Bals,Zv.0280,Zv.0280_P1_P3_P1.1.1.1.B
PV23-8565,bzea,PN15_SID1394,FALSE,Bals,Bals,Zv.0280,Zv.0280_P1_P3_P1.2.1.1.B
PV23-8566,bzea,PN15_SID1395,FALSE,Bals,Bals,Zv.0280,Zv.0280_P1_P4_P1.2.1.1.B
PV23-8567,bzea,PN15_SID1396,FALSE,Bals,Bals,Zv.0280,Zv.0280_P1_P5_P1.1.1.1.B
PV23-8568,bzea,PN15_SID1397,FALSE,Bals,Bals,Zv.0280,Zv.0280_P1_P5_P1.2.1.1.B
PV23-8569,bzea,PN15_SID1398,FALSE,Bals,Bals,Zv.0280,Zv.0280_P3_P2_P1.1.1.1.B
PV23-8570,bzea,PN15_SID1399,FALSE,Bals,Bals,Zv.0280,Zv.0280_P3_P2_P1.2.1.1.B
PV23-8571,bzea,PN15_SID1400,FALSE,Bals,Bals,Zv.0280,Zv.0280_P3_P3_P1.1.1.1.B
PV23-8572,bzea,PN15_SID1401,FALSE,Bals,Bals,Zv.0280,Zv.0280_P3_P3_P1.2.1.1.B
PV23-8573,bzea,PN15_SID1402,FALSE,Bals,Bals,Zv.0280,Zv.0280_P3_P4_P1.1.1.1.B
PV23-8574,bzea,PN15_SID1403,FALSE,Bals,Bals,Zv.0280,Zv.0280_P3_P4_P1.2.1.1.B
PV23-8575,bzea,PN15_SID1404,FALSE,Bals,Bals,Zv.0280,Zv.0280_P3_P5_P1.2.1.1.B
PV23-8576,bzea,PN15_SID1405,FALSE,Bals,Bals,Zv.0100,Zv.0100_P3_P1_P1.1.1.1.B
PV23-8577,bzea,PN15_SID1406,FALSE,Bals,Bals,Zv.0100,Zv.0100_P3_P1_P1.2.1.1.B
PV23-8578,bzea,PN15_SID1407,FALSE,Bals,Bals,Zv.0100,Zv.0100_P3_P1_P2.1.1.1.B
PV23-8579,bzea,PN15_SID1408,FALSE,Bals,Bals,Zv.0100,Zv.0100_P3_P1_P2.2.1.1.B
PV23-8580,bzea,PN15_SID1409,FALSE,Bals,Bals,Zv.0100,Zv.0100_P3_P2_P1.2.1.1.B
PV23-8581,bzea,PN15_SID1410,FALSE,Bals,Bals,Zv.0100,Zv.0100_P3_P4_P1.2.1.1.B
PV23-8582,bzea,PN15_SID1411,FALSE,Bals,Bals,Zv.0100,Zv.0100_P3_P5_P1.1.1.1.B
PV23-8583,bzea,PN15_SID1412,FALSE,Bals,Bals,Zv.0100,Zv.0100_P3_P5_P1.2.1.1.B
PV23-8584,bzea,PN15_SID1413,FALSE,Bals,Bals,Zv.0270,Zv.0270_P2_P2_P1.1.1.1.B
PV23-8585,bzea,PN15_SID1414,FALSE,Bals,Bals,Zv.0270,Zv.0270_P2_P2_P1.2.1.1.B
PV23-8586,bzea,PN15_SID1415,FALSE,Bals,Bals,Zv.0270,Zv.0270_P2_P2_P2.1.1.1.B
PV23-8587,bzea,PN15_SID1416,FALSE,Bals,Bals,Zv.0270,Zv.0270_P2_P2_P2.3.1.1.B
PV23-8588,bzea,PN15_SID1417,FALSE,Bals,Bals,Zv.0270,Zv.0270_P2_P3_P2.1.1.1.B
PV23-8589,bzea,PN15_SID1418,FALSE,Bals,Bals,Zv.0270,Zv.0270_P2_P3_P2.2.1.1.B
PV23-8590,bzea,PN15_SID1419,FALSE,Bals,Bals,Zv.0270,Zv.0270_P2_P4_P1.1.1.1.B
PV23-8591,bzea,PN15_SID1420,FALSE,Bals,Bals,Zv.0270,Zv.0270_P2_P4_P1.2.1.1.B
PV23-8592,bzea,PN15_SID1421,FALSE,Bals,Bals,Zv.0270,Zv.0270_P2_P5_P1.1.1.1.B
PV23-8593,bzea,PN15_SID1422,FALSE,Bals,Bals,Zv.0270,Zv.0270_P2_P5_P1.2.1.1.B
PV23-8594,bzea,PN15_SID1423,FALSE,Bals,Bals,Zv.0270,Zv.0270_P2_P5_P2.1.1.1.B
PV23-8595,bzea,PN15_SID1424,FALSE,Bals,Bals,Zv.0270,Zv.0270_P2_P5_P2.3.1.1.B
PV23-8596,bzea,PN15_SID1425,FALSE,Bals,Bals,Zv.0240,Zv.0240_P2_P1_P1.1.1.1.B
PV23-8597,bzea,PN15_SID1426,FALSE,Bals,Bals,Zv.0240,Zv.0240_P2_P1_P1.2.1.1.B
PV23-8598,bzea,PN15_SID1427,FALSE,Bals,Bals,Zv.0240,Zv.0240_P2_P2_P1.2.1.1.B
PV23-8599,bzea,PN15_SID1428,FALSE,Bals,Bals,Zv.0240,Zv.0240_P2_P2_P1.3.1.1.B
PV23-8600,bzea,PN15_SID1429,FALSE,Bals,Bals,Zv.0240,Zv.0240_P2_P2_P2.1.1.1.B
PV23-8601,bzea,PN15_SID1430,FALSE,Bals,Bals,Zv.0240,Zv.0240_P2_P2_P2.2.1.1.B
PV23-8602,bzea,PN15_SID1431,FALSE,Bals,Bals,Zv.0240,Zv.0240_P2_P3_P1.1.1.1.B
PV23-8603,bzea,PN15_SID1432,FALSE,Bals,Bals,Zv.0240,Zv.0240_P2_P3_P1.2.1.1.B
PV23-8604,bzea,PN15_SID1433,FALSE,Bals,Bals,Zv.0240,Zv.0240_P2_P3_P2.1.1.1.B
PV23-8605,bzea,PN15_SID1434,FALSE,Bals,Bals,Zv.0240,Zv.0240_P2_P3_P2.2.1.1.B
PV23-8606,bzea,PN15_SID1435,FALSE,Bals,Bals,Zv.0240,Zv.0240_P2_P4_P1.2.1.1.B
PV23-8607,bzea,PN15_SID1436,FALSE,Bals,Bals,Zv.0240,Zv.0240_P2_P5_P1.1.1.1.B
PV23-8608,bzea,PN15_SID1437,FALSE,Bals,Bals,Zv.0240,Zv.0240_P2_P5_P1.2.1.1.B
PV23-8609,bzea,PN15_SID1438,FALSE,Bals,Bals,Zv.0490,Zv.0490_P4_P1_P1.1.1.1.B
PV23-8610,bzea,PN15_SID1439,FALSE,Bals,Bals,Zv.0490,Zv.0490_P4_P1_P1.2.1.1.B
PV23-8611,bzea,PN15_SID1440,FALSE,Bals,Bals,Zv.0490,Zv.0490_P4_P1_P2.1.1.1.B
PV23-8612,bzea,PN16_SID1441,FALSE,Bals,Bals,Zv.0490,Zv.0490_P4_P1_P2.2.1.1.B
PV23-8613,bzea,PN16_SID1442,FALSE,Bals,Bals,Zv.0490,Zv.0490_P4_P2_P1.1.1.1.B
PV23-8614,bzea,PN16_SID1443,FALSE,Bals,Bals,Zv.0490,Zv.0490_P4_P2_P1.2.1.1.B
PV23-8615,bzea,PN16_SID1444,FALSE,Bals,Bals,Zv.0490,Zv.0490_P4_P2_P2.1.1.1.B
PV23-8616,bzea,PN16_SID1445,FALSE,Bals,Bals,Zv.0490,Zv.0490_P4_P2_P2.2.1.1.B
PV23-8617,bzea,PN16_SID1446,FALSE,Bals,Bals,Zv.0490,Zv.0490_P4_P3_P1.1.1.1.B
PV23-8618,bzea,PN16_SID1447,FALSE,Bals,Bals,Zv.0490,Zv.0490_P4_P3_P1.2.1.1.B
PV23-8619,bzea,PN16_SID1448,FALSE,Bals,Bals,Zv.0490,Zv.0490_P4_P3_P2.1.1.1.B
PV23-8620,bzea,PN16_SID1449,FALSE,Bals,Bals,Zv.0490,Zv.0490_P4_P3_P2.2.1.1.B
PV23-8621,bzea,PN16_SID1450,FALSE,Bals,Bals,Zv.0490,Zv.0490_P4_P4_P1.1.1.1.B
PV23-8622,bzea,PN16_SID1451,FALSE,Bals,Bals,Zv.0490,Zv.0490_P4_P4_P1.2.1.1.B
PV23-8623,bzea,PN16_SID1452,FALSE,Bals,Bals,Zv.0490,Zv.0490_P4_P5_P1.1.1.1.B
PV23-8624,bzea,PN16_SID1453,FALSE,Bals,Bals,Zv.0490,Zv.0490_P4_P5_P1.2.1.1.B
PV23-8625,bzea,PN16_SID1454,FALSE,Bals,Bals,Zv.0480,Zv.0480_P2_P1_P1.1.1.1.B
PV23-8626,bzea,PN16_SID1455,FALSE,Bals,Bals,Zv.0480,Zv.0480_P2_P1_P1.2.1.1.B
PV23-8627,bzea,PN16_SID1456,FALSE,Bals,Bals,Zv.0480,Zv.0480_P2_P1_P2.1.1.1.B
PV23-8628,bzea,PN16_SID1457,FALSE,Bals,Bals,Zv.0480,Zv.0480_P2_P2_P1.1.1.1.B
PV23-8629,bzea,PN16_SID1458,FALSE,Bals,Bals,Zv.0480,Zv.0480_P2_P2_P1.2.1.1.B
PV23-8630,bzea,PN16_SID1459,FALSE,Bals,Bals,Zv.0480,Zv.0480_P2_P3_P1.1.1.1.B
PV23-8631,bzea,PN16_SID1460,FALSE,Bals,Bals,Zv.0480,Zv.0480_P2_P3_P1.2.1.1.B
PV23-8632,bzea,PN16_SID1461,FALSE,Bals,Bals,Zv.0480,Zv.0480_P2_P4_P1.1.1.1.B
PV23-8633,bzea,PN16_SID1462,FALSE,Bals,Bals,Zv.0480,Zv.0480_P2_P4_P1.2.1.1.B
PV23-8634,bzea,PN16_SID1463,FALSE,Bals,Bals,Zv.0480,Zv.0480_P2_P5_P1.1.1.1.B
PV23-8635,bzea,PN16_SID1464,FALSE,Bals,Bals,Zv.0480,Zv.0480_P3_P1_P1.1.1.1.B
PV23-8636,bzea,PN16_SID1465,FALSE,Bals,Bals,Zv.0480,Zv.0480_P3_P1_P1.2.1.1.B
PV23-8637,bzea,PN16_SID1466,FALSE,Bals,Bals,Zv.0480,Zv.0480_P3_P2_P1.1.1.1.B
PV23-8638,bzea,PN16_SID1467,FALSE,Bals,Bals,Zv.0480,Zv.0480_P3_P2_P1.2.1.1.B
PV23-8639,bzea,PN16_SID1468,FALSE,Bals,Bals,Zv.0480,Zv.0480_P3_P3_P1.1.1.1.B
PV23-8640,bzea,PN16_SID1469,FALSE,Bals,Bals,Zv.0480,Zv.0480_P3_P3_P1.2.1.1.B
PV23-8641,bzea,PN16_SID1470,FALSE,Bals,Bals,Zv.0480,Zv.0480_P3_P4_P1.1.1.1.B
PV23-8642,bzea,PN16_SID1471,FALSE,Bals,Bals,Zv.0480,Zv.0480_P3_P4_P1.2.1.1.B
PV23-8643,bzea,PN16_SID1472,FALSE,Bals,Bals,Zv.0480,Zv.0480_P3_P5_P1.1.1.1.B
PV23-8644,bzea,PN16_SID1473,FALSE,Bals,Bals,Zv.0480,Zv.0480_P3_P5_P1.2.1.1.B
PV23-8645,bzea,PN16_SID1474,FALSE,Bals,Bals,Zv.0470,Zv.0470_P2_P1_P1.1.1.1.B
PV23-8646,bzea,PN16_SID1475,FALSE,Bals,Bals,Zv.0470,Zv.0470_P2_P1_P1.2.1.1.B
PV23-8647,bzea,PN16_SID1476,FALSE,Bals,Bals,Zv.0470,Zv.0470_P2_P2_P1.1.1.1.B
PV23-8648,bzea,PN16_SID1477,FALSE,Bals,Bals,Zv.0470,Zv.0470_P2_P2_P1.2.1.1.B
PV23-8649,bzea,PN16_SID1478,FALSE,Bals,Bals,Zv.0470,Zv.0470_P2_P2_P2.1.1.1.B
PV23-8650,bzea,PN16_SID1479,FALSE,Bals,Bals,Zv.0470,Zv.0470_P2_P2_P2.2.1.1.B
PV23-8651,bzea,PN16_SID1480,FALSE,Bals,Bals,Zv.0470,Zv.0470_P2_P3_P1.1.1.1.B
PV23-8652,bzea,PN16_SID1481,FALSE,Bals,Bals,Zv.0470,Zv.0470_P2_P3_P1.2.1.1.B
PV23-8653,bzea,PN16_SID1482,FALSE,Bals,Bals,Zv.0470,Zv.0470_P2_P3_P2.1.1.1.B
PV23-8654,bzea,PN16_SID1483,FALSE,Bals,Bals,Zv.0470,Zv.0470_P2_P3_P2.2.1.1.B
PV23-8655,bzea,PN16_SID1484,FALSE,Bals,Bals,Zv.0470,Zv.0470_P2_P4_P1.1.1.1.B
PV23-8656,bzea,PN16_SID1485,FALSE,Bals,Bals,Zv.0470,Zv.0470_P2_P4_P1.2.1.1.B
PV23-8657,bzea,PN16_SID1486,TRUE,Purple,NA,NA,NA
PV23-8658,bzea,PN16_SID1487,FALSE,Bals,Bals,Zv.0470,Zv.0470_P2_P5_P1.2.1.1.B
PV23-8659,bzea,PN16_SID1488,FALSE,Bals,Bals,Zv.0150,Zv.0150_P4_P1_P1.1.1.1.B
PV23-8660,bzea,PN16_SID1489,FALSE,Bals,Bals,Zv.0150,Zv.0150_P4_P1_P1.2.1.1.B
PV23-8661,bzea,PN16_SID1490,FALSE,Bals,Bals,Zv.0150,Zv.0150_P4_P4_P1.1.1.1.B
PV23-8662,bzea,PN16_SID1491,FALSE,Bals,Bals,Zv.0150,Zv.0150_P4_P4_P1.2.1.1.B
PV23-8663,bzea,PN16_SID1492,FALSE,Bals,Bals,Zv.0150,Zv.0150_P4_P4_P2.1.1.1.B
PV23-8664,bzea,PN16_SID1493,FALSE,Bals,Bals,Zv.0150,Zv.0150_P4_P4_P2.2.1.1.B
PV23-8665,bzea,PN16_SID1494,FALSE,Bals,Bals,Zv.0150,Zv.0150_P4_P5_P1.1.1.1.B
PV23-8666,bzea,PN16_SID1495,FALSE,Bals,Bals,Zv.0150,Zv.0150_P4_P5_P1.2.1.1.B
PV23-8667,bzea,PN16_SID1496,FALSE,Bals,Bals,Zv.0150,Zv.0150_P4_P5_P2.1.1.1.B
PV23-8668,bzea,PN16_SID1497,FALSE,Bals,Bals,Zv.0150,Zv.0150_P4_P5_P2.2.1.1.B
PV23-8669,bzea,PN16_SID1498,FALSE,Bals,Bals,Zv.0250,Zv.0250_P2_P1_P1.2.1.1.B
PV23-8670,bzea,PN16_SID1499,FALSE,Bals,Bals,Zv.0250,Zv.0250_P2_P3_P1.1.1.1.B
PV23-8671,bzea,PN16_SID1500,FALSE,Bals,Bals,Zv.0250,Zv.0250_P2_P3_P1.2.1.1.B
PV23-8672,bzea,PN16_SID1501,FALSE,Bals,Bals,Zv.0250,Zv.0250_P2_P5_P1.2.1.1.B
PV23-8673,bzea,PN16_SID1502,FALSE,Bals,Bals,Zv.0250,Zv.0250_P2_P5_P1.3.1.1.B
PV23-8674,bzea,PN16_SID1503,FALSE,Bals,Bals,Zv.0250,Zv.0250_P3_P1_P1.1.1.1.B
PV23-8675,bzea,PN16_SID1504,FALSE,Bals,Bals,Zv.0250,Zv.0250_P3_P1_P1.2.1.1.B
PV23-8676,bzea,PN16_SID1505,FALSE,Bals,Bals,Zv.0250,Zv.0250_P3_P2_P1.3.1.1.B
PV23-8677,bzea,PN16_SID1506,FALSE,Bals,Bals,Zv.0250,Zv.0250_P3_P3_P1.2.1.1.B
PV23-8678,bzea,PN16_SID1507,FALSE,Bals,Bals,Zv.0250,Zv.0250_P3_P4_P1.2.1.1.B
PV23-8679,bzea,PN16_SID1508,FALSE,Bals,Bals,Zv.0250,Zv.0250_P3_P5_P1.2.1.1.B
PV23-8680,bzea,PN16_SID1509,FALSE,Mesa,Mesa,Zx.0520,Zx.0520_P2_P2_P1.1.1.1.B
PV23-8681,bzea,PN16_SID1510,FALSE,Mesa,Mesa,Zx.0520,Zx.0520_P2_P2_P1.2.1.1.B
PV23-8682,bzea,PN16_SID1511,FALSE,Mesa,Mesa,Zx.0520,Zx.0520_P2_P3_P1.1.1.1.B
PV23-8683,bzea,PN16_SID1512,FALSE,Mesa,Mesa,Zx.0520,Zx.0520_P2_P3_P1.2.1.1.B
PV23-8684,bzea,PN16_SID1513,FALSE,Mesa,Mesa,Zx.0520,Zx.0520_P2_P4_P1.1.1.1.B
PV23-8685,bzea,PN16_SID1514,FALSE,Mesa,Mesa,Zx.0520,Zx.0520_P2_P4_P1.2.1.1.B
PV23-8686,bzea,PN16_SID1515,FALSE,Mesa,Mesa,Zx.0520,Zx.0520_P2_P5_P1.2.1.1.B
PV23-8687,bzea,PN16_SID1516,FALSE,Mesa,Mesa,Zx.0520,Zx.0520_P4_P1_P1.1.1.1.B
PV23-8688,bzea,PN16_SID1517,FALSE,Mesa,Mesa,Zx.0520,Zx.0520_P4_P1_P1.2.1.1.B
PV23-8689,bzea,PN16_SID1518,FALSE,Mesa,Mesa,Zx.0520,Zx.0520_P4_P2_P1.1.1.1.B
PV23-8690,bzea,PN16_SID1519,FALSE,Mesa,Mesa,Zx.0520,Zx.0520_P4_P2_P1.2.1.1.B
PV23-8691,bzea,PN16_SID1520,FALSE,Mesa,Mesa,Zx.0520,Zx.0520_P4_P2_P3.1.1.1.B
PV23-8692,bzea,PN16_SID1521,FALSE,Mesa,Mesa,Zx.0520,Zx.0520_P4_P2_P3.2.1.1.B
PV23-8693,bzea,PN16_SID1522,FALSE,Mesa,Mesa,Zx.0490,Zx.0490_P4_P2_P1.1.1.1.B
PV23-8694,bzea,PN16_SID1523,FALSE,Mesa,Mesa,Zx.0490,Zx.0490_P4_P2_P1.2.1.1.B
PV23-8695,bzea,PN16_SID1524,FALSE,Mesa,Mesa,Zx.0490,Zx.0490_P4_P3_P1.1.1.1.B
PV23-8696,bzea,PN16_SID1525,FALSE,Mesa,Mesa,Zx.0490,Zx.0490_P4_P3_P1.2.1.1.B
PV23-8697,bzea,PN16_SID1526,FALSE,Mesa,Mesa,Zx.0490,Zx.0490_P4_P4_P1.1.1.1.B
PV23-8698,bzea,PN16_SID1527,FALSE,Mesa,Mesa,Zx.0490,Zx.0490_P4_P4_P1.2.1.1.B
PV23-8699,bzea,PN16_SID1528,FALSE,Mesa,Mesa,Zx.0490,Zx.0490_P4_P5_P1.1.1.1.B
PV23-8700,bzea,PN16_SID1529,FALSE,Mesa,Mesa,Zx.0490,Zx.0490_P4_P5_P1.2.1.1.B
PV23-8701,bzea,PN16_SID1530,FALSE,Mesa,Mesa,Zx.0360,Zx.0360_P2_P1_P1.2.1.1.B
PV23-8702,bzea,PN16_SID1531,FALSE,Mesa,Mesa,Zx.0360,Zx.0360_P2_P2_P1.2.1.1.B
PV23-8703,bzea,PN16_SID1532,FALSE,Mesa,Mesa,Zx.0360,Zx.0360_P2_P2_P1.3.1.1.B
PV23-8704,bzea,PN16_SID1533,FALSE,Mesa,Mesa,Zx.0360,Zx.0360_P2_P3_P1.2.1.1.B
PV23-8705,bzea,PN16_SID1534,FALSE,Mesa,Mesa,Zx.0360,Zx.0360_P2_P4_P1.1.1.1.B
PV23-8706,bzea,PN16_SID1535,FALSE,Mesa,Mesa,Zx.0360,Zx.0360_P2_P5_P1.2.1.1.B
PV23-8707,bzea,PN16_SID1536,FALSE,Mesa,Mesa,Zx.0510,Zx.0510_P1_P1_P1.3.1.1.B
PV23-8708,bzea,PN17_SID1537,FALSE,Mesa,Mesa,Zx.0510,Zx.0510_P1_P1_P2.2.1.1.B
PV23-8709,bzea,PN17_SID1538,FALSE,Mesa,Mesa,Zx.0510,Zx.0510_P1_P2_P1.1.1.1.B
PV23-8710,bzea,PN17_SID1539,FALSE,Mesa,Mesa,Zx.0510,Zx.0510_P1_P2_P1.2.1.1.B
PV23-8711,bzea,PN17_SID1540,FALSE,Mesa,Mesa,Zx.0510,Zx.0510_P1_P2_P2.1.1.1.B
PV23-8712,bzea,PN17_SID1541,FALSE,Mesa,Mesa,Zx.0510,Zx.0510_P1_P3_P1.2.1.1.B
PV23-8713,bzea,PN17_SID1542,FALSE,Mesa,Mesa,Zx.0510,Zx.0510_P1_P3_P2.1.1.1.B
PV23-8714,bzea,PN17_SID1543,FALSE,Mesa,Mesa,Zx.0510,Zx.0510_P1_P3_P2.2.1.1.B
PV23-8715,bzea,PN17_SID1544,FALSE,Mesa,Mesa,Zx.0510,Zx.0510_P1_P4_P1.2.1.1.B
PV23-8716,bzea,PN17_SID1545,FALSE,Mesa,Mesa,Zx.0510,Zx.0510_P1_P5_P1.1.1.1.B
PV23-8717,bzea,PN17_SID1546,FALSE,Mesa,Mesa,Zx.0510,Zx.0510_P1_P5_P1.2.1.1.B
PV23-8718,bzea,PN17_SID1547,FALSE,Mesa,Mesa,Zx.0470,Zx.0470_P2_P1_P1.1.1.1.B
PV23-8719,bzea,PN17_SID1548,FALSE,Mesa,Mesa,Zx.0470,Zx.0470_P2_P1_P1.2.1.1.B
PV23-8720,bzea,PN17_SID1549,FALSE,Mesa,Mesa,Zx.0470,Zx.0470_P2_P1_P2.1.1.1.B
PV23-8721,bzea,PN17_SID1550,FALSE,Mesa,Mesa,Zx.0470,Zx.0470_P2_P1_P2.2.1.1.B
PV23-8722,bzea,PN17_SID1551,FALSE,Mesa,Mesa,Zx.0470,Zx.0470_P2_P2_P1.1.1.1.B
PV23-8723,bzea,PN17_SID1552,FALSE,Mesa,Mesa,Zx.0470,Zx.0470_P2_P2_P1.2.1.1.B
PV23-8724,bzea,PN17_SID1553,FALSE,Mesa,Mesa,Zx.0470,Zx.0470_P2_P3_P1.1.1.1.B
PV23-8725,bzea,PN17_SID1554,FALSE,Mesa,Mesa,Zx.0470,Zx.0470_P2_P3_P1.2.1.1.B
PV23-8726,bzea,PN17_SID1555,FALSE,Mesa,Mesa,Zx.0470,Zx.0470_P2_P3_P2.2.1.1.B
PV23-8727,bzea,PN17_SID1556,FALSE,Mesa,Mesa,Zx.0470,Zx.0470_P2_P4_P1.1.1.1.B
PV23-8728,bzea,PN17_SID1557,FALSE,Mesa,Mesa,Zx.0470,Zx.0470_P2_P4_P1.2.1.1.B
PV23-8729,bzea,PN17_SID1558,FALSE,Mesa,Mesa,Zx.0470,Zx.0470_P2_P4_P2.1.1.1.B
PV23-8730,bzea,PN17_SID1559,FALSE,Mesa,Mesa,Zx.0470,Zx.0470_P2_P4_P2.2.1.1.B
PV23-8731,bzea,PN17_SID1560,FALSE,Mesa,Mesa,Zx.0350,Zx.0350_P1_P1_P1.1.1.1.B
PV23-8732,bzea,PN17_SID1561,FALSE,Mesa,Mesa,Zx.0350,Zx.0350_P1_P1_P1.2.1.1.B
PV23-8733,bzea,PN17_SID1562,FALSE,Mesa,Mesa,Zx.0350,Zx.0350_P1_P1_P2.2.1.1.B
PV23-8734,bzea,PN17_SID1563,FALSE,Mesa,Mesa,Zx.0350,Zx.0350_P1_P2_P1.1.1.1.B
PV23-8735,bzea,PN17_SID1564,FALSE,Mesa,Mesa,Zx.0350,Zx.0350_P1_P2_P1.2.1.1.B
PV23-8736,bzea,PN17_SID1565,FALSE,Mesa,Mesa,Zx.0350,Zx.0350_P1_P2_P2.1.1.1.B
PV23-8737,bzea,PN17_SID1566,FALSE,Mesa,Mesa,Zx.0350,Zx.0350_P1_P2_P2.2.1.1.B
PV23-8738,bzea,PN17_SID1567,FALSE,Mesa,Mesa,Zx.0350,Zx.0350_P1_P3_P1.2.1.1.B
PV23-8739,bzea,PN17_SID1568,FALSE,Mesa,Mesa,Zx.0350,Zx.0350_P1_P3_P2.1.1.1.B
PV23-8740,bzea,PN17_SID1569,FALSE,Mesa,Mesa,Zx.0350,Zx.0350_P1_P3_P2.2.1.1.B
PV23-8741,bzea,PN17_SID1570,FALSE,Mesa,Mesa,Zx.0350,Zx.0350_P1_P4_P1.1.1.1.B
PV23-8742,bzea,PN17_SID1571,FALSE,Mesa,Mesa,Zx.0350,Zx.0350_P1_P4_P2.2.1.1.B
PV23-8743,bzea,PN17_SID1572,FALSE,Mesa,Mesa,Zx.0380,Zx.0380_P2_P1_P1.2.1.1.B
PV23-8744,bzea,PN17_SID1573,FALSE,Mesa,Mesa,Zx.0380,Zx.0380_P2_P2_P1.2.1.1.B
PV23-8745,bzea,PN17_SID1574,FALSE,Mesa,Mesa,Zx.0390,Zx.0390_P1_P2_P2.2.1.1.B
PV23-8746,bzea,PN17_SID1575,FALSE,Mesa,Mesa,Zx.0380,Zx.0380_P2_P2_P2.2.1.1.B
PV23-8747,bzea,PN17_SID1576,FALSE,Mesa,Mesa,Zx.0380,Zx.0380_P2_P2_P2.3.1.1.B
PV23-8748,bzea,PN17_SID1577,FALSE,Mesa,Mesa,Zx.0380,Zx.0380_P2_P4_P1.1.1.1.B
PV23-8749,bzea,PN17_SID1578,FALSE,Mesa,Mesa,Zx.0380,Zx.0380_P2_P4_P2.1.1.1.B
PV23-8750,bzea,PN17_SID1579,FALSE,Mesa,Mesa,Zx.0380,Zx.0380_P2_P4_P2.2.1.1.B
PV23-8751,bzea,PN17_SID1580,FALSE,Mesa,Mesa,Zx.0380,Zx.0380_P2_P5_P1.1.1.1.B
PV23-8752,bzea,PN17_SID1581,FALSE,Mesa,Mesa,Zx.0380,Zx.0380_P2_P5_P1.2.1.1.B
PV23-8753,bzea,PN17_SID1582,FALSE,Mesa,Mesa,Zx.0380,Zx.0380_P2_P5_P2.1.1.1.B
PV23-8754,bzea,PN17_SID1583,FALSE,Mesa,Mesa,Zx.0450,Zx.0450_P1_P2_P1.1.1.1.B
PV23-8755,bzea,PN17_SID1584,FALSE,Mesa,Mesa,Zx.0450,Zx.0450_P1_P2_P1.2.1.1.B
PV23-8756,bzea,PN17_SID1585,FALSE,Mesa,Mesa,Zx.0450,Zx.0450_P1_P2_P2.1.1.1.B
PV23-8757,bzea,PN17_SID1586,FALSE,Mesa,Mesa,Zx.0450,Zx.0450_P1_P2_P2.2.1.1.B
PV23-8758,bzea,PN17_SID1587,FALSE,Mesa,Mesa,Zx.0450,Zx.0450_P1_P4_P1.2.1.1.B
PV23-8759,bzea,PN17_SID1588,FALSE,Mesa,Mesa,Zx.0450,Zx.0450_P1_P5_P1.1.1.1.B
PV23-8760,bzea,PN17_SID1589,FALSE,Mesa,Mesa,Zx.0450,Zx.0450_P1_P5_P2.1.1.1.B
PV23-8761,bzea,PN17_SID1590,FALSE,Mesa,Mesa,Zx.0450,Zx.0450_P1_P5_P2.2.1.1.B
PV23-8762,bzea,PN17_SID1591,FALSE,Mesa,Mesa,Zx.0400,Zx.0400_P1_P1_P2.1.1.1.B
PV23-8763,bzea,PN17_SID1592,FALSE,Mesa,Mesa,Zx.0400,Zx.0400_P1_P1_P2.3.1.1.B
PV23-8764,bzea,PN17_SID1593,FALSE,Mesa,Mesa,Zx.0400,Zx.0400_P1_P2_P1.1.1.1.B
PV23-8765,bzea,PN17_SID1594,FALSE,Mesa,Mesa,Zx.0400,Zx.0400_P1_P2_P1.2.1.1.B
PV23-8766,bzea,PN17_SID1595,FALSE,Mesa,Mesa,Zx.0400,Zx.0400_P1_P2_P2.1.1.1.B
PV23-8767,bzea,PN17_SID1596,FALSE,Mesa,Mesa,Zx.0400,Zx.0400_P1_P3_P1.2.1.1.B
PV23-8768,bzea,PN17_SID1597,FALSE,Mesa,Mesa,Zx.0400,Zx.0400_P1_P4_P1.1.1.1.B
PV23-8769,bzea,PN17_SID1598,FALSE,Mesa,Mesa,Zx.0400,Zx.0400_P1_P4_P1.3.1.1.B
PV23-8770,bzea,PN17_SID1599,FALSE,Mesa,Mesa,Zx.0400,Zx.0400_P1_P4_P2.1.1.1.B
PV23-8771,bzea,PN17_SID1600,FALSE,Mesa,Mesa,Zx.0400,Zx.0400_P1_P4_P2.2.1.1.B
PV23-8772,bzea,PN17_SID1601,FALSE,Mesa,Mesa,Zx.0400,Zx.0400_P1_P5_P2.1.1.1.B
PV23-8773,bzea,PN17_SID1602,FALSE,Mesa,Mesa,Zx.0430,Zx.0430_P3_P1_P1.3.1.1.B
PV23-8774,bzea,PN17_SID1603,FALSE,Mesa,Mesa,Zx.0430,Zx.0430_P3_P2_P1.2.1.1.B
PV23-8775,bzea,PN17_SID1604,FALSE,Mesa,Mesa,Zx.0430,Zx.0430_P3_P3_P1.1.1.1.B
PV23-8776,bzea,PN17_SID1605,FALSE,Mesa,Mesa,Zx.0430,Zx.0430_P3_P3_P1.3.1.1.B
PV23-8777,bzea,PN17_SID1606,FALSE,Mesa,Mesa,Zx.0430,Zx.0430_P3_P4_P1.1.1.1.B
PV23-8778,bzea,PN17_SID1607,FALSE,Mesa,Mesa,Zx.0430,Zx.0430_P3_P4_P1.2.1.1.B
PV23-8779,bzea,PN17_SID1608,FALSE,Mesa,Mesa,Zx.0430,Zx.0430_P1_P1_P1.3.1.1.B
PV23-8780,bzea,PN17_SID1609,FALSE,Mesa,Mesa,Zx.0430,Zx.0430_P1_P2_P1.1.1.1.B
PV23-8781,bzea,PN17_SID1610,FALSE,Mesa,Mesa,Zx.0430,Zx.0430_P1_P2_P1.2.1.1.B
PV23-8782,bzea,PN17_SID1611,FALSE,Mesa,Mesa,Zx.0430,Zx.0430_P1_P3_P1.1.1.1.B
PV23-8783,bzea,PN17_SID1612,FALSE,Mesa,Mesa,Zx.0430,Zx.0430_P1_P3_P1.2.1.1.B
PV23-8784,bzea,PN17_SID1613,FALSE,Mesa,Mesa,Zx.0430,Zx.0430_P1_P4_P1.1.1.1.B
PV23-8785,bzea,PN17_SID1614,FALSE,Mesa,Mesa,Zx.0430,Zx.0430_P1_P5_P1.1.1.1.B
PV23-8786,bzea,PN17_SID1615,FALSE,Mesa,Mesa,Zx.0430,Zx.0430_P1_P5_P1.2.1.1.B
PV23-8787,bzea,PN17_SID1616,FALSE,Mesa,Mesa,Zx.0390,Zx.0390_P2_P1_P1.1.1.1.B
PV23-8788,bzea,PN17_SID1617,FALSE,Mesa,Mesa,Zx.0390,Zx.0390_P2_P1_P1.2.1.1.B
PV23-8789,bzea,PN17_SID1618,FALSE,Mesa,Mesa,Zx.0390,Zx.0390_P2_P1_P2.1.1.1.B
PV23-8790,bzea,PN17_SID1619,FALSE,Mesa,Mesa,Zx.0390,Zx.0390_P2_P1_P2.3.1.1.B
PV23-8791,bzea,PN17_SID1620,FALSE,Mesa,Mesa,Zx.0390,Zx.0390_P2_P2_P1.1.1.1.B
PV23-8792,bzea,PN17_SID1621,FALSE,Mesa,Mesa,Zx.0390,Zx.0390_P2_P2_P2.1.1.1.B
PV23-8793,bzea,PN17_SID1622,FALSE,Mesa,Mesa,Zx.0390,Zx.0390_P2_P2_P2.3.1.1.B
PV23-8794,bzea,PN17_SID1623,FALSE,Mesa,Mesa,Zx.0390,Zx.0390_P2_P3_P1.1.1.1.B
PV23-8795,bzea,PN17_SID1624,FALSE,Mesa,Mesa,Zx.0390,Zx.0390_P2_P3_P2.2.1.1.B
PV23-8796,bzea,PN17_SID1625,FALSE,Mesa,Mesa,Zx.0390,Zx.0390_P2_P4_P1.1.1.1.B
PV23-8797,bzea,PN17_SID1626,FALSE,Mesa,Mesa,Zx.0480,Zx.0480_P2_P2_P1.1.1.1.B
PV23-8798,bzea,PN17_SID1627,FALSE,Mesa,Mesa,Zx.0480,Zx.0480_P2_P5_P1.2.1.1.B
PV23-8799,bzea,PN17_SID1628,FALSE,Mesa,Mesa,Zx.0480,Zx.0480_P1_P1_P2.2.1.1.B
PV23-8800,bzea,PN17_SID1629,FALSE,Mesa,Mesa,Zx.0480,Zx.0480_P1_P5_P1.1.1.1.B
PV23-8801,bzea,PN17_SID1630,FALSE,Mesa,Mesa,Zx.0480,Zx.0480_P1_P3_P2.1.1.1.B
PV23-8802,bzea,PN17_SID1631,FALSE,Mesa,Mesa,Zx.0480,Zx.0480_P1_P3_P2.2.1.1.B
PV23-8803,bzea,PN17_SID1632,FALSE,Mesa,Mesa,Zx.0480,Zx.0480_P1_P5_P2.2.1.1.B
PV23-8804,bzea,PN18_SID1633,FALSE,Mesa,Mesa,Zx.0410,Zx.0410_P2_P1_P1.4.1.1.B
PV23-8805,bzea,PN18_SID1634,FALSE,Mesa,Mesa,Zx.0410,Zx.0410_P2_P1_P2.4.1.1.B
PV23-8806,bzea,PN18_SID1635,FALSE,Mesa,Mesa,Zx.0410,Zx.0410_P2_P4_P1.4.1.1.B
PV23-8807,bzea,PN18_SID1636,FALSE,Mesa,Mesa,Zx.0370,Zx.0370_P2_P5_P1.4.1.1.B
PV23-8808,bzea,PN18_SID1637,FALSE,Chal,Chal,Zx.0100,Zx.0100_P4_P2_P1.4.1.1.B
PV23-8809,bzea,PN18_SID1638,FALSE,Chal,Chal,Zx.0010,Zx.0010_P4_P2_P1.3.1.1.B
PV23-8810,bzea,PN18_SID1639,FALSE,Chal,Chal,Zx.0220,Zx.0220_P2_P3_P1.3.1.1.B
PV23-8811,bzea,PN18_SID1640,FALSE,Chal,Chal,Zx.0220,Zx.0220_P2_P5_P1.4.1.1.B
PV23-8812,bzea,PN18_SID1641,FALSE,Chal,Chal,Zx.0080,Zx.0080_P1_P2_P1.4.1.1.B
PV23-8813,bzea,PN18_SID1642,FALSE,Chal,Chal,Zx.0080,Zx.0080_P1_P3_P1.4.1.1.B
PV23-8814,bzea,PN18_SID1643,TRUE,Purple,NA,NA,NA
PV23-8815,bzea,PN18_SID1644,FALSE,Chal,Chal,Zx.0160,Zx.0160_P2_P5_P2.3.1.1.B
PV23-8816,bzea,PN18_SID1645,FALSE,Chal,Chal,Zx.0340,Zx.0340_P2_P1_P1.3.1.1.B
PV23-8817,bzea,PN18_SID1646,FALSE,Chal,Chal,Zx.0340,Zx.0340_P2_P1_P2.4.1.1.B
PV23-8818,bzea,PN18_SID1647,FALSE,Chal,Chal,Zx.0340,Zx.0340_P2_P2_P2.4.1.1.B
